GEOID,name
08014,Broomfield County
51515,Bedford city
02195,Petersburg Census Area
02230,Skagway Municipality
1571550,Urban Honolulu
1245060,Miami Gardens
1349000,Macon
5367167,Spokane Valley
0464210,San Tan Valley
1200410,Alafaya
0646842,Menifee
1342425,Johns Creek
0621230,Eastvale
1506290,East Honolulu
0602210,Antelope
5103320,Ashburn
1271564,The Acreage
1356000,North Atlanta
5149792,Marumsco
1248050,Navarre
1273172,University
5126875,Fair Oaks
1215968,Cutler Bay
5319515,East Hill-Meridian
0663260,Rubidoux
2577890,West Springfield Town
5175376,Sterling
5184366,West Falls Church
1222660,Fleming Island
2213960,Central
5554875,Mount Pleasant
2475725,Suitland
5511950,Caledonia
1735835,Homer Glen
5174100,South Riding
1254275,Palmetto Bay
2441475,Ilchester
0626067,French Valley
0639114,Ladera Ranch
5333380,Inglewood-Finn Hill
0678134,Temescal Valley
0402430,Anthem
4202056,Allison Park
1551000,Mililani Mauka
5364380,Silver Firs
5187430,Woodlawn
4105950,Bethany
1250630,Oakleaf Plantation
5319630,Eastmont
1239775,Lealman
0205000,Badger
5330305,Hazel Dell
5129628,Franklin Farm
2954352,Old Jamestown
5323160,Fairwood
0611796,Castaic
0460180,Rio Rico
0646646,Mead Valley
5150568,Meadowbrook
2459500,Oxon Hill
0647976,Mira Loma
0674130,Stevenson Ranch
5148450,McNair
2527100,Greenfield Town
5111470,Burke Centre
2432350,Glassmanor
2470775,Seabrook
2563345,Southbridge Town
5307395,Bothell West
5349940,North Lynnwood
5110776,Buckhall
2501260,Amesbury Town
1245465,Midway
5115176,Cherry Hill
4837936,Jollyville
5345870,Mill Creek East
1276481,West Lealman
1351670,Milton
5142746,Kingstowne
1530300,Kapolei
0682814,Vincent
3623701,Eggertsville
0629644,Glen Avon
0655800,Parkway
1276658,West Park
3908602,Bridgetown
0424895,Fort Mohave
0656826,Phelan
3407000,Bradley Gardens
1232610,Horizon West
0641142,Lemon Hill
5142680,Kings Park West
3425020,Franklin Park
3445480,Mercerville
5109248,Brandermill
3467320,Short Hills
0933690,Greenwich
3429370,Hamilton Square
0622457,El Sobrante
5155758,Newington Forest
0531190,Helena-West Helena
2205175,Bayou Blue
5109952,Broadlands
1278740,World Golf Village
5335835,Kingsgate
4225752,Fernway
1862388,Purdue University
2552144,Palmer Town
5155272,Neabsco
5126592,Fairfax Station
1235890,Jupiter Farms
3444430,Martinsville
3951212,Monfort Heights
5123392,Dranesville
5113403,Cascades
5337920,Lake Tapps
5176464,Sugarland Run
3946088,Mack
3475020,Upper Montclair
0677308,Sun Village
5182371,Wakefield
5144048,Lansdowne
1056500,Pike Creek Valley
0656350,Pedley
3439920,Leisure Village West-Pine Lake Park
1219275,East Milton
5567475,Richfield
2401635,Annapolis Neck
5577975,Suamico
2475810,Summerfield
5148996,Manchester
1274368,Viera East
5147296,Lowes Island
5336100,Klahanie
2445550,Lanham
5119560,Countryside
0812390,Castle Pines North
5109188,Brambleton
1710906,Campton Hills
1203480,Bardmoor
0649582,Mountain House
0461940,Saddlebrooke
2410150,Brock Hall
0620746,East La Mirada
4117800,Damascus
5130618,George Mason
2450685,Marlboro Village
3408110,Brookdale
0630410,Good Hope
3471370,Succasunna
4109535,Bull Mountain
4229800,Glenshaw
0652760,Oak Hills
0625114,Fort Irwin
5354213,Picnic Point
3235100,Incline Village
1225025,Fuller Heights
3458830,Pine Lake Park
3419130,East Franklin
0647430,Midway City
5187333,Woodburn
5168470,Rockwood
0964530,Riverside
5128528,Floris
1556685,Ocean Pointe
0678960,Topanga
4563665,Sangaree
0673700,Spring Valley Lake
5132592,Greenbriar
5155528,New Baltimore
5307390,Bothell East
1276290,Westgate
5126701,Fair Lakes
5337917,Lake Stickney
5139920,Innsbrook
5180165,University of Virginia
5138032,Hollymead
4732742,Hartsville/Trousdale County
5146760,Long Branch
5170256,Sandston
1255305,Pasadena Hills
0629112,Garnet
1576250,Waikele
5139544,Independent Hill
5187380,Woodlake
1268135,Southwest Ranches
5344480,Mead
0657302,Piñon Hills
2483290,Westphalia
3468190,Smithville
5368410,Summit View
5175702,Stone Ridge
3483170,Yardville
5143430,Lake of the Woods
4206984,Blandon
2470475,Savage
0619022,Desert Palms
0653224,Oasis
4841404,Lantana
4879676,Windemere
5144430,Laurel Hill
4834856,Hornsby Bend
0673167,South Monrovia Island
0917520,Cos Cob
0272985,Steele Creek
5379555,Wollochet
1274370,Viera West
4242084,Leacock-Leola-Bareville
0956900,Old Greenwich
5313215,Clover Creek
0653924,Opal Cliffs
5540550,Kronenwetter
1541600,Kula
5358865,Riverton
5174120,South Run
4243747,Lionville-Marchwood
3753475,Porters Neck
3427840,Green Knoll
3743260,Mills River
0625488,Franklin
3676280,University at Buffalo
5535150,Hobart
1855386,Notre Dame
5106275,Belmont
2472350,Silver Hill
1576925,Wailea
0639645,Lake Mathews
5541525,Lake Hallie
4282320,Wescosville
3540525,Lee Acres
0657829,Plumas Lake
0644420,Lucerne Valley
5120436,Crosspointe
0627130,Fruitridge Pocket
4773270,Tellico Village
0212920,Chena Ridge
0681302,University of California Davis
3436960,Kingston Estates
0671964,Silver Lakes
5164152,Potomac Mills
4970190,Snyderville
3423310,Finderne
0630938,Greenacres
0622524,Elverta
1580470,West Loch Estate
0419740,Doney Park
3552500,North Hobbs
4856804,Perezville
1211150,Cedar Grove
0653505,Old Fig Garden
4558165,Powderville
0623000,Eucalyptus Hills
5307397,Boulevard Park
3921518,Delhi Hills
1260562,Rio Pinar
0670266,Saranap
3722500,Fairview
0460120,Rincon Valley
5343255,Maplewood
0683215,Waldon
0869480,Shaw Heights
3954264,New Burlington
3902266,Apple Valley
3431405,Highland Lake
3241800,Lemmon Valley
2427580,Fairwood
1246540,Moon Lake
3651275,Niskayuna
0224980,Farmers Loop
5150020,Massanetta Springs
4270652,Sierra View
4859726,Providence
1741157,Lake Holiday
3949420,Miami Heights
4844166,Lost Creek
1315552,Chattahoochee Hills
0171190,Smiths Station
1260835,River Ridge
5310645,Cavalero
3522582,El Cerro Mission
3629894,Grandyle Village
5123732,Dulles Town Center
2420525,Cresaptown
0646400,Mayfair
5113160,Carrollton
5319420,Eastgate
1248850,Nocatee
4258948,Penn Estates
4105250,Beavercreek
3424965,Franklin Center
5142568,King George
0646226,Mather
0676022,Sunnyslope
5105336,Bealeton
3981942,Waverly City
3402880,Barclay
3423880,Florence
3421120,Ellisburg
4219584,Dorneyville
5356150,Prairie Heights
4236904,Indian Mountain Lake
4261112,Plains
5142664,Kings Park
2747536,Nowthen
5174916,Stafford Courthouse
2210225,Brownsville
3701760,Archer Lodge
0656870,Phoenix Lake
3555270,Paradise Hills
3467590,Silver Lake
0675994,Sunnyside
5143420,Lake Land'Or
4259176,Pennside
2875520,University
5376615,Wauna
1201100,Alturas
0160264,Pine Level
0404710,Avenue B and C
2372200,South Sanford
0645006,McSwain
0910660,Byram
4208392,Breinigsville
4239280,Kenmar
0135752,Holtville
0439790,Lake of the Woods
3729180,Hampstead
5359880,Rosedale
0413820,Citrus Park
2712718,Columbus
4242912,Level Green
4268036,Saw Creek
2848030,Mississippi State
0630987,Greenfield
0686230,Woodbridge
5153944,Mount Hermon
4732640,Harrogate
5305140,Belfair
0134490,Highland Lakes
5135912,Hayfield
0677960,Tarpey Village
3769020,Tyro
3970050,Salem Heights
0618986,Desert Edge
5107160,Bethel Manor
0178232,Valley Grande
2455018,National Harbor
5340105,Longbranch
3745460,Moyock
3747485,Northchase
5311325,Chain Lake
0163730,Redland
0652162,North Richmond
3464350,Roebling
5305735,Bethel
1215300,Crawfordville
5335555,Key Center
0959210,Pemberwick
3672327,SUNY Oswego
2450680,Marlboro Meadows
5147136,Loudoun Valley Estates
1647080,Lincoln
4969280,Silver Summit
4205904,Berwyn
3467770,Singac
2205105,Bawcomville
1255532,Pea Ridge
5180120,University Center
1815409,Country Squire Lakes
5308770,Bunk Foss
0229130,Goldstream
4277456,Trevose
2373285,Springvale
0652302,North Shore
5125877,Enon
3462820,Richwood
1263435,San Castle
2758900,Scandia
2804705,Beechwood
0603205,Auburn Lake Trails
5337100,Lake Cassidy
4237584,Jacksonwald
0668263,San Miguel
1338105,Heron Bay
3941373,Lake Lakengren
4265192,Riverview Park
5473252,Shannondale
0600450,Agua Dulce
0670130,Santa Rosa Valley
3716220,Dana
3455895,Panther Valley
5312875,Clearview
3966922,Richville
5338420,Larch Way
4866000,Savannah
1246520,Montura
1836144,Indian Heights
4233772,Hemlock Farms
5119571,County Center
0670644,Seacliff
4819570,deCordova
0608530,Brooktrails
5337345,Lake Holm
1222560,Flagler Estates
4261788,Pocono Woodland Lakes
3678124,Wanakah
3329780,Goffstown
3566765,Sandia Heights
0646520,Meadowbrook
1870330,Smithville-Sanders
3467820,Six Mile Run
3921610,Delshire
3742760,Midland
4247416,Marienville
0660279,Reliez Valley
2851840,Nicholson
5329430,Hansville
1271842,Tiger Point
0613985,Clearlake Riviera
1241577,Loxahatchee Groves
5309810,Canterwood
4225496,Feasterville
4840468,Lake Cherokee
3976197,Taylor Creek
0639460,Lake California
2451860,Melwood
4227207,Fox Run
3463840,Robbinsville
1234185,Island Walk
5171810,Shenandoah Farms
0634392,Homestead Valley
2250815,Milton
5160500,Pantops
4703760,Bean Station
3282250,Washoe Valley
0602294,Anza
4276440,The Hideout
3436720,Kenvil
5330750,High Bridge
1257908,Point Baker
1212675,Clarcona
5561725,Pell Lake
4077050,Verdigris
3522580,El Cerro
3428620,Groveville
1275275,Watergate
3972620,Sixteen Mile Stand
0683085,Vista Santa Rosa
3928058,Four Bridges
1227256,Grant-Valkaria
2718662,Elko New Market
4833578,Hideaway
5301150,Alderton
4223540,Emerald Lakes
1735541,Holiday Shores
1833187,Heritage Lake
0648718,Montalvin Manor
0678456,Thermal
4766220,Sale Creek
4767230,Shackle Island
0640508,La Selva Beach
5344585,Meadowdale
4209416,Brownstown
4224856,Fairview
5173760,Southern Gateway
0114728,Choccolocco
0662860,Rose Hills
2431350,Gambrills
0657244,Pine Mountain Lake
3584200,West Hammond
3922660,Dry Ridge
0604926,Bella Vista
3605193,Beaverdam Lake-Salisbury Mills
4834586,Holly Lake Ranch
0662756,Romoland
3428250,Greenwich
4854872,Paloma Creek South
4229040,Gibsonia
4273848,State Line
1869642,Shorewood Forest
4260547,Pine Ridge
5349765,North Fort Lewis
5364610,Sisco Heights
4267656,Salunga
0610508,Campo
1349084,McRae
0607470,Bonny Doon
0683460,Warm Springs
5143600,Lake Wilderness
1332528,Georgetown-Quitman County
3615814,Clarence
4261624,Plumsteadville
2420925,Croom
4270362,Shippensburg University
2643558,K. I. Sawyer
4530265,Graniteville
0616420,Coronita
0441085,Linden
5509800,Bristol
2209095,Bourg
0123880,Emerald Mountain
4873562,Travis Ranch
0638024,Kelly Ridge
4236768,Imperial
4615250,Dakota Dunes
2463425,Potomac Park
4236576,Hyde Park
2444715,Konterra
0656476,Penngrove
0632340,Hartley
5365810,South Creek
0619440,Dogtown
4252440,Muse
1227360,Greenbriar
4854868,Paloma Creek
4701480,Apison
5165776,Ravensworth
4715880,Coalfield
4231368,Greenwood
4756800,Park City
1243785,Meadow Oaks
0608680,Buckhorn
5324425,Fobes Hill
0672156,Sky Valley
4275432,Sun Valley
1209655,Cabana Colony
4222696,Egypt
4274416,Stonybrook
0532650,Holiday Island
0469480,Star Valley
3720280,Edneyville
3732740,Horse Shoe
4740720,Lakewood
3708040,Broad Creek
0931520,Glenville
3445870,Middlebush
2972780,Terre du Lac
3717000,Denver
4952460,Mountain Green
1337816,Helena
4277163,Towamensing Trails
5339930,Lofall
5321800,Enetai
4275664,Swartzville
1637500,Hidden Spring
3333140,Hampton Beach
4222680,Effort
5363545,Shadow Lake
5143359,Lake Caroline
5312175,Chico
4825404,Fannett
0600478,Ahwahnee
3968714,Rossmoyne
0657148,Pine Grove
4248868,Messiah College
0482450,White Mountain Lake
1381128,Webster County
0610301,Camino Tassajara
4231120,Greenock
2224250,Erwinville
5366220,Southworth
5408764,Bluewell
0459770,Red Rock
4277656,Trucksville
2258360,Ossun
0182176,Whitesboro
3712140,Cherokee
5323830,Fife Heights
0112070,Carlisle-Rockledge
1229385,Heritage Pines
2403500,Baden
1867608,Salt Creek Commons
1213965,Connerton
4212396,Cetronia
4150450,Mulino
5367435,Stansberry Lake
4213480,Chinchilla
4859420,Preston
3571015,San Ysidro
2605880,Bath
4207896,Bowmansville
4801060,Abram
5085000,Windsor
5164560,Prince George
4264368,Reynolds Heights
5308885,Burley
4277016,Toftrees
0610031,Calwa
2431025,Fulton
0604938,Bell Canyon
0428190,Golden Shores
0668308,San Pasqual
3725160,Fruitland
1256475,Pine Air
4205028,Beech Mountain Lakes
4269832,Shavertown
5149998,Mason Neck
0663168,Rouse
2240878,Lafourche Crossing
0608478,Brookdale
4277488,Trexlertown
4283120,West Hamburg
5058000,Randolph
0600535,Airport
5301430,Allyn
0405490,Beaver Dam
0408710,Bylas
3472435,Ten Mile Run
1204735,Bear Creek
4276320,Temple
0614708,Collierville
4840522,Lake Dunlap
4255520,North Warren
2121844,Doe Valley
2241470,Lakeshore
2464535,Queenland
4507535,Bonneau Beach
4287088,Yorklyn
4222280,Eddington
5143392,Lake Holiday
4278115,Tyler Run
4271210,Slippery Rock University
4241304,Landisville
4867775,Siesta Acres
5323690,Fern Prairie
1800140,Aberdeen
3268800,Stagecoach
5171625,Shawneeland
5308500,Bryant
4240992,Lakemont
3578650,Tome
3153580,Woodland Park
5167331,Rivanna
2832110,Hide-A-Way Lake
2324480,Falmouth
0614288,Coarsegold
5008950,Bristol
2516840,Devens
3480855,Whitesboro-Burleigh
4230013,Gold Key Lake
4272768,Spinnerstown
0657070,Pine Canyon
4237008,Inkerman
3550930,Nambe
0446070,Mescal
2262510,Presquille
0630944,Green Acres
4264112,Reinholds
1539400,Ko Olina
0413540,Cienega Springs
0455880,Pinetop Country Club
4178800,Warren
1274975,Wallace
3505150,Arroyo Seco
1278500,Woodlawn Beach
1274235,Verona Walk
3475120,Upper Pohatcong
5158104,Oak Grove
2043675,McConnell AFB
3714600,Cordova
3538820,La Mesilla
0671218,Shasta
0173152,Stewartville
4203864,Bakerstown
1236535,Key Vista
0621964,Elizabeth Lake
0604470,Bayview
0656120,Patterson Tract
1227635,Grenelefe
5539700,King
0610270,Camino
1740364,Knollwood
5350115,North Puyallup
2808655,Bridgetown
0660214,Redwood Valley
4840462,Lake Bryan
4243544,Lincoln University
2211580,Cade
4877746,Weston Lakes
1761821,Prestbury
2802060,Arnold Line
3922960,Dunlap
3972648,Skyline Acres
3475745,Vernon Center
4274944,Sturgeon
4121450,Eagle Crest
1223730,Fort Denaud
1740962,Lake Camelot
4414860,Chepachet
3583760,Waterflow
4241192,Lampeter
5346725,Monroe North
0478865,Valle Vista
2827620,Glendale
3941443,Lake Mohawk
0480380,Wagon Wheel
4252312,Mundys Corner
1337910,Henderson
5179768,Twin Lakes
3664958,Sanborn
4220662,Eagleview
0464650,Scenic
4058550,Picher
4228832,Georgetown
1831432,Harlan
5466892,Rand
1231275,Holley
4259212,Penn State Erie (Behrend)
3539430,Las Maravillas
4860026,Quail Creek
0603330,Avilla Beach
4213596,Church Hill
4227130,Fox Chase
0144160,Lookout Mountain
4726120,Fincastle
1743510,Limestone
4751402,Mowbray Mountain
4243496,Lincoln Park
4147650,Merlin
1536050,Keokea
0641208,Leona Valley
4841580,Las Palmas II
2862900,Robinhood
3757540,Rocky Point
0971040,Southport
4213168,Cherryville
0103820,Ballplay
4255996,Oakland
4169800,Stafford
1238430,Lake Mary Jane
4278700,University of Pittsburgh Johnstown
4922875,Emigration Canyon
3549515,Monterey Park
4910440,Carbonville
5359390,Rocky Point
1776511,Twin Grove
4213952,Clay
2939503,LaBarque Creek
3228860,Golden Valley
5109064,Bracey
5341785,McMillin
2814140,Cleary
5356660,Purdy
5318775,Duluth
0649045,Monument Hills
3970618,Sawyerwood
2124346,Elk Creek
4211976,Cementon
0639735,Lake Sherwood
3919736,Curtice
4877490,Western Lake
5163190,Plum Creek
5378780,Wilderness Rim
3504660,Arenas Valley
1734272,Heritage Lake
4210816,Caln
0408920,Cactus Flats
4152275,New Hope
4219040,Devon
0419790,Donovan Estates
3613662,Chadwicks
0600996,Allendale
3935322,Highpoint
3274400,Topaz Ranch Estates
1705976,Big Rock
5571050,St. Peter
5011875,Castleton
3546030,McIntosh
5149656,Marshall
0644242,Los Ranchos
3221520,East Valley
4219048,Dewart
3763360,Southmont
4231568,Grill
5342835,Manson
4263116,Queens Gate
5124544,East Lexington
5118880,Concord
1203375,Balm
0623210,Fairmead
4540390,Langley
4236096,Hudson
3506830,Berino
2682680,Wacousta
4208432,Bressler
4753240,New Union
0639094,Ladera
0606070,Berry Creek
0618940,Descanso
4252216,Muhlenberg Park
1252250,Oriole Beach
5312820,Clear Lake
4209496,Browntown
0146600,Marbury
0450000,North Fork
0620228,Dunnigan
3352020,New London
3279400,Verdi
0659896,Red Corral
1367676,Russell
2671340,Sand Lake
2848880,Morgantown
3954320,New California
4266808,Russell
0637134,Janesville
2866840,Sharon
0169978,Shoal Creek
3962404,Pheasant Run
5102064,Apple Mountain Lake
2205260,Bayou Country Club
4225424,Faxon
4268376,Scotland
3313700,Colebrook
0116080,Coats Bend
4920890,East Carbon
4171250,Sunriver
4216272,Cornwells Heights
0410460,Casa Blanca
4275381,Sunrise Lake
0436430,Joseph City
4206490,Birchwood Lakes
0670028,Santa Nella
5331985,Home
5108708,Boswell's Corner
2372900,South Windham
5174848,Springville
3724380,Foscoe
4776180,Unionville
4253208,New Berlinville
4272552,South Uniontown
5446420,Lesage
1749698,Mitchell
4203800,Bainbridge
2667140,Rapid City
4755820,Olivet
5031750,Hardwick
0655728,Parklawn
4984950,Wolf Creek
2747923,Oakport
4233154,Haverford College
3940348,Kings Mills
4286576,Woxhall
5114312,Central Garage
5355015,Point Roberts
1942575,Lake Panorama
4257648,Palmdale
4233504,Hebron
3535595,Keeler Farm
0670712,Sea Ranch
3304660,Belmont
0611915,Castle Hill
1835104,Hudson Lake
4215479,Conashaugh Lakes
0845750,Loma
3263450,Ruhenstroth
3966250,Reno
4837396,Jarrell
3248000,Mogul
2964370,St. George
2244970,Lockport Heights
0125864,Fayetteville
1236220,Kenwood Estates
5160888,Passapatanzy
4256664,Oley
4814740,China Spring
2464495,Queen Anne
4280652,Wallenpaupack Lake Estates
1654370,Moreland
4840312,Laguna Park
4270840,Simpson
4237016,Intercourse
1239056,Lakewood Gardens
3709400,Buxton
4206236,Big Bass Lake
5315780,Crocker
0411500,Centennial Park
4282920,West Fairview
5106336,Belmont Estates
0609948,Callender
3949462,Miamitown
0669182,Santa Margarita
2405525,Bel Air
3574660,Spencerville
4215584,Conestoga
1324876,Dutch Island
4944870,Liberty
3737120,Laurel Hill
2861080,Rawls Springs
4858952,Port O'Connor
4226960,Foster Brook
5125792,Emory
5111245,Bull Run Mountain Estates
2278545,Vienna Bend
1375239,Talahi Island
4272520,South Temple
4234776,Hilldale
0176208,Tidmore Bend
3301940,Ashland
4241880,Laurys Station
3915008,Cinnamon Lake
4210832,Calumet
4860608,Randolph AFB
3986282,Wolfhurst
0671414,Sheridan
3479715,Weston
4840674,Lake Medina Shores
4879204,Wildwood
5136445,Henry Fork
4574725,Warrenville
4725560,Falling Water
4707280,Bon Aqua Junction
4826680,Fort Clark Springs
3640648,Lake Luzerne
5059050,Richford
3952178,Morgandale
4039450,Kenwood
0445285,Meadview
0651000,Newcastle
1255375,Patrick AFB
3925676,Etna
0678336,Teviston
0646223,Matheny
3566890,Sandia Knolls
4743420,Lone Oak
0647374,Midpines
2242520,Lawtell
5308335,Browns Point
5410948,Brush Fork
3236500,Jackpot
3559120,Ponderosa Pine
0613854,Clay
4875764,Von Ormy
4246016,McConnellstown
2204230,Banks Springs
0677728,Tahoma
4867554,Sherwood Shores
0632030,Happy Camp
0633294,Herald
0624918,Forest Ranch
3678454,Washington Mills
2848120,Mississippi Valley State University
4864460,Sam Rayburn
4225568,Fellsburg
4859156,Powderly
3916521,Coldstream
3941657,Lake Waynoka
0639715,Lake Riverside
5542805,Lauderdale Lakes
3715040,Cove Creek
3941419,Lake Lorelei
4231038,Greenfields
4731420,Grimsley
4247404,Marianne
2418200,Cobb Island
5084100,Williamstown
1668545,Robie Creek
4878040,Westwood Shores
3230220,Grass Valley
0684680,West Park
4226232,Fivepointville
3569410,San Miguel
4863332,Rosharon
4224664,Fairhope
4264184,Rennerdale
3911334,Candlewood Lake
2818420,DeLisle
4221064,East Earl
1206670,Black Hammock
2316200,Damariscotta
3734038,Jackson Heights
5169360,Ruckersville
2373985,Steep Falls
3700440,Advance
0600135,Acalanes Ridge
0642510,Lompico
0632385,Hasley Canyon
0178312,Vandiver
4200924,Alleghenyville
4846308,Manchaca
0644168,Los Olivos
0612300,Cedar Ridge
0824235,Ellicott
0678568,Thornton
5162738,Piney Mountain
2832460,Hillsboro
5183568,Wattsville
1815115,Cordry Sweetwater Lakes
0600464,Aguanga
4268088,Saylorsburg
4972060,Spring Glen
4215248,Collinsburg
1683260,Tyhee
4220704,Earlston
4809232,Boling
5122064,Deltaville
2161536,Plano
3683118,Worcester
4274160,Stiles
2939080,Kissee Mills
3540220,La Union
5362120,Seabeck
4232600,Harleigh
0646338,Maxwell
4834136,Hilltop Lakes
0567790,Sulphur Springs
5153584,Mountain Road
5101640,Amelia Court House
4780740,Wildwood
0671927,Silverado Resort
0657330,Pioneer
2213330,Catahoula
0403380,Arivaca Junction
4263488,Raubsville
0609310,Butte Creek Canyon
1557350,Olinda
0545530,Midway
2622520,Dollar Bay
3200500,Alamo
3505430,Atoka
2408850,Bowling Green
0639484,Lake Don Pedro
4215368,Colony Park
5155400,Nellysford
4720930,Dodson Branch
5445580,Lavalette
4182450,Williams
5164512,Prices Fork
0631302,Grizzly Flats
4261773,Pocono Ranch Lands
0629392,Gerber
3946144,McKinley Heights
0879785,Upper Bear Creek
1774970,The Galena Territory
3732580,Hoopers Creek
4268200,Schoeneck
3571145,Sausal
3367460,Sanbornville
2837190,Kearney Park
4204616,Bear Rocks
4861724,Ricardo
2280010,Watson
4824158,Emerald Bay
1268625,Steinhatchee
4861124,Redland
4274448,Stony Creek Mills
0169672,Shelby
3035622,Helena Flats
5112915,Captains Cove
0656028,Pasatiempo
1259311,Quail Ridge
1373200,Statenville
4811940,Callender Lake
5318195,Dollar Corner
5302060,Anderson Island
0670140,Santa Susana
0607512,Boonville
2438475,Highland
4207208,Blue Ball
2311230,Castine
0670322,Saticoy
0638156,Kenwood
0631092,Green Valley
4259344,Penryn
0637484,Johnstonville
0647066,Mesa Verde
4228828,Georgetown
4858586,Point Venture
0467295,Six Shooter Canyon
0181504,Westover
4838168,Juarez
2800680,Alcorn State University
0672478,Soda Bay
1823386,Fish Lake
5153480,Motley
4253432,New Columbia
4223720,Enlow
4240982,Lake Latonka
3631258,Hadley
4223704,Enhaut
3976666,Thornport
0647822,Minkler
3955342,Newport
3257400,Pioche
5109752,Brightwood
0827175,Floyd Hill
2380250,Washburn
0638800,Knights Landing
2604020,Attica
3341780,Lincoln
3368340,Seabrook Beach
0627190,Fuller Acres
4225248,Farmersville
5308640,Buena
4740732,Lakewood Park
2821940,Elliott
4213418,Cheyney University
3566330,San Antonito
4433040,Harmony
3731660,Hillsdale
0859240,Pine Brook Hill
2401925,Aquasco
3475950,Vienna
0121890,Dunnavant
5513880,Chain O' Lakes
2682490,Vineyard Lake
2343675,Mars Hill
0610042,Camanche North Shore
4212864,Chase
3758040,Rougemont
0570310,Tumbling Shoals
5131488,Glenvar
3476250,Voorhees
4221176,East Freedom
0636452,Indio Hills
3305380,Bethlehem
0677126,Sunset Beach
3548480,Midway
4412340,Carolina
1733162,Harrison
0458620,Rainbow City
5150776,Meadow View
4127350,Fruitdale
5588925,Woodruff
0663106,Rough and Ready
3254200,Panaca
5511500,Butte des Morts
4278608,Unionville
2127730,Flat Lick
3057950,Pioneer Junction
0671362,Shell Ridge
3907377,Blue Jay
3915434,Clarktown
3540360,La Villita
0651622,Norris Canyon
5167352,Riverdale
2569585,The Pinehills
0154582,New Union
5328135,Grapeview
4247464,Marion
1905200,Beaverdale
4284248,Westwood
1505900,Discovery Harbour
2241645,Lakeview
4255616,Norvelt
4557175,Pinopolis
3532100,Hernandez
4842256,Leming
2615715,Chums Corner
0657568,Plainview
3940096,Kidron
0649558,Mountain Gate
2305665,Blue Hill
4749940,Mooresburg
3227100,Genoa
5132320,Gratton
4239512,Kersey
2531750,Huntington
2240210,Kraemer
5171826,Shenandoah Shores
3569875,San Rafael
2740814,Martin Lake
2424825,Eckhart Mines
0123224,Egypt
5316760,Dash Point
2645190,Lake Victoria
0606935,Blacklake
4234008,Hereford
4258776,Pen Mar
2060200,Riverton
0857445,Paragon Estates
0639318,La Honda
3520830,Dixon
4261774,Pocono Springs
2645070,Lakes of the North
4253192,New Bedford
3978078,Twinsburg Heights
0600898,Alhambra Valley
4825038,Fabrica
3459500,Pleasant Plains
4773220,Telford
4284968,Wiconsico
0844270,Lazy Acres
3514040,Chamberino
4812562,Canyon Creek
5107944,Blairs
5355612,Port Gamble Tribal Comunity
2919684,Doe Run
0630900,Greeley Hill
0628154,Garberville
0142304,Leroy
4814692,Chilton
1841211,Lake Holiday
5135640,Harriston
3543300,Los Luceros
5140248,Ivy
4250552,Montandon
5125488,Elliston
3014875,Churchill
4285792,Winfield
4283520,West Milton
4233024,Harwick
0609324,Butte Valley
4254288,New Tripoli
3905816,Berlin
4249440,Milford Square
0503010,Avilla
3752500,Pinnacle
4231208,Greens Landing
1200800,Allentown
3534430,Indian Hills
3914280,Chippewa Park
5106512,Belview
4207312,Blue Ridge Summit
4230200,Gouldsboro
4837112,Ivanhoe
5535000,Hingham
4226824,Fort Loudon
3047875,Marion
2328835,Gray
0109064,Brantleyville
4104925,Bayside Gardens
3922820,Duncan Falls
1547050,Mahinahina
2215150,Choctaw
0138032,Ivalee
5052825,Norwich
3980612,Walnut Creek
0807245,Blende
1634030,Groveland
4832300,Hargill
1982290,Washburn
5426716,Falling Waters
0617372,Crowley Lake
2454325,Mount Savage
5106712,Benns Church
2621560,Delton
3514180,Chamita
3642345,Lime Lake
2130232,Garrison
0672380,Smith River
4772040,Summertown
1755847,Olive Branch
4238744,Kapp Heights
0629420,Geyserville
5103528,Atlantic
5131808,Goochland
0685206,Whitewater
5167256,Riner
0624008,Fieldbrook
2112610,Cannonsburg
3029875,Gallatin Gateway
4143650,Lookingglass
3280000,Virginia City
0128816,Gallant
3743580,Misenheimer
3677167,Verona
1212300,Chumuckla
0670518,Scotia
0641740,Linnell Camp
4218256,Dauberville
0610044,Camanche Village
0614442,Cohasset
4820248,D'Hanis
3513340,Cedar Hill
0673690,Spring Valley
4983730,West Wood
4261756,Pocono Mountain Lake Estates
4164150,Ruch
5116240,Chester Gap
5541160,Lake Arrowhead
1668230,Riverside
4865240,Sand Springs
3532160,High Rolls
2509070,Brookfield
0478855,Valle
0656546,Penryn
5356555,Puget Island
5172935,Skyland Estates
3755460,Red Cross
3727520,Grantsboro
4850232,Myrtle Springs
3725880,Germanton
4242640,Lemont Furnace
0619155,Diablo Grande
5541210,Lake Camelot
4251016,Morgantown
3740860,Mamers
5019075,East Barre
4915720,Copperton
0612062,Catheys Valley
3525590,Fairacres
4215400,Columbus
3500940,Adelino
0636420,Indianola
1229000,Harold
5501100,Allenton
4248320,Meadowlands
0438655,Komatke
1834096,Hoagland
3740980,Manns Harbor
1841444,Lake Santee
4270704,Silkworth
3428470,Griggstown
0482390,Whitecone
5429716,Gallipolis Ferry
1254625,Panacea
4253872,New Market
4845750,McKinney Acres
4057950,Peggs
1832494,Hatfield
5108264,Blue Ridge Shores
4233576,Hegins
0433440,Hondah
5117776,Cluster Springs
0182104,White Plains
4857566,Pine Harbor
4203464,Atlas
3524120,El Rito
4283848,West Pittsburg
1834978,Howe
3569645,San Pablo
5541770,Lake Shangrila
1879568,Waldron
4203616,Avella
4918090,Dammeron Valley
3406025,Blackwells Mills
3571700,Sedillo
2225545,Fifth Ward
4126165,Foots Creek
0400730,Aguila
0444830,Martinez Lake
5155720,New Hope
1867050,St. Mary of the Woods
3559820,Pueblitos
3935126,Hide-A-Way Hills
3920198,Darbydale
4834865,Horseshoe Bend
4975800,Thatcher
2558615,Russell
0537060,Kirby
0482120,Wheatfields
5029425,Graniteville
0645414,Manila
5171264,Seven Mile Ford
3947950,Marne
0642328,Loleta
5340385,Loon Lake
5167704,Riverview
4256488,Oklahoma
4259304,Pennwyn
2233490,Hayes
4261432,Pleasant View
0425045,Fort Valley
4266408,Roulette
3902022,Andersonville
0621210,East Tulare Villa
3576130,Talpa
3702780,Avon
5414812,Chelyan
0675672,Sultana
2873880,Toomsuba
2634620,Grawn
5150200,Maurertown
5170112,Saluda
5369280,Swede Heaven
4823356,Elmo
4225280,Farmington
0164040,Reeltown
5112590,Camptown
2271190,Sorrel
0446005,Mesa del Caballo
0484140,Wittmann
4129100,Glasgow
5328590,Green Bluff
5537175,Iron River
3262170,Round Hill Village
3902848,Atwater
4207384,Bobtown
0442590,Low Mountain
0103508,Axis
3522230,East Pecos
4876564,Warren
4274848,Strodes Mills
0634652,Hopland
3733820,Iron Station
4225420,Fawn Lake Forest
2606190,Bay Shore
4251120,Morrisdale
3935866,Holiday Lakes
4283656,West Nanticoke
4241080,Lake Winola
0560470,Roland
0644760,McClellan Park
4808240,Big Thicket Lake Estates
0146072,Magnolia Springs
5508560,Bluffview
0662625,Rolling Hills
4235872,Hostetter
4234256,Hickory
5055525,Pittsford
5138632,Hot Springs
3040685,King Arthur Park
4235632,Hopeland
4248064,Mather
4251720,Mount Morris
4147350,Melrose
0603512,Baker
4744360,Lyles
3441495,Lopatcong Overlook
3720420,Efland
4257928,Paris
0986380,Wilton Center
2113582,Cawood
4281360,Washington Boro
3538680,La Mesa
4263496,Rauchtown
4805576,Banquete
3537407,La Hacienda
4217528,Crucible
3408890,Burleigh
4273296,Springmont
3971958,Shawnee
2306330,Bowdoinham
5605625,Bear River
0683262,Walker
2372830,Southwest Harbor
4812892,Carlsbad
1741404,Lake Petersburg
2414800,Cedarville
4241376,Langeloth
5341645,McKenna
0619724,Douglas City
0173056,Sterrett
3743880,Moncure
1858050,Parkers Settlement
2279310,Wallace Ridge
2301675,Ashland
0444450,Maricopa Colony
3253200,Osino
1744836,Lost Nation
5103208,Arrington
2340350,Little Falls
3522650,El Duende
4233632,Heidlersburg
3546170,Madrone
0465780,Seven Mile
4279016,Upper Exeter
1278340,Wiscon
1867176,St. Meinrad
0687090,Zayante
0821155,Dotsero
2662500,Parkdale
5579100,Taycheedah
5473444,Shenandoah Junction
0656140,Patton Village
4174400,Trail
0644644,Lytle Creek
3417260,Delaware Park
3701140,Altamahaw
0440160,La Paz Valley
5152968,Montvale
4203816,Bairdford
1257320,Pioneer
4220080,Dry Tavern
3568430,San Jose
0403320,Arivaca
4166150,Selma
3012435,Carlton
2629920,Fostoria
3941552,Lakeside
5068050,South Royalton
0671372,Shelter Cove
2465150,Rawlings
3950876,Minford
2464375,Pylesville
4857932,Placedo
0661012,Ripley
4810990,Buchanan Lake Village
1832170,Harrodsburg
5159416,Opal
2105014,Beechmont
4862468,Riviera
2106220,Betsy Layne
4524730,Fair Play
5483332,Verdunville
1208125,Bradley Junction
4248032,Masthope
4948170,Marion
2431275,Galesville
0109457,Bristow Cove
2343220,Mapleton
0455575,Pimaco Two
3059725,Pray
4222352,Edenburg
0637596,Junction City
4836068,Iola
4229000,Gibraltar
1202660,Avalon
0609990,Calpella
0651890,North Gate
2211825,Calhoun
4182850,Wimer
0619878,Doyle
4777820,Walnut Grove
3615363,Chestertown
1857632,Painted Hills
0434980,Icehouse Canyon
4287240,Yukon
0407590,Brenda
2923248,Fairdealing
3408140,Brookfield
1225475,Garden Grove
3732100,Hollister
4226488,Foot of Ten
0656798,Peters
5587625,Winchester
4269952,Sheatown
4762580,Riceville
4812600,Cape Royale
4835324,Hull
2102764,Auxier
0680896,Tuttletown
5438260,Hometown
4810336,Bristol
4214808,Cochranville
2348610,Newcastle
3548830,Mimbres
4249880,Millsboro
4230704,Grazierville
4248824,Mertztown
2272975,Starks
5154120,Mount Sidney
5469100,Robinette
3918244,Concorde Hills
4872902,Thunderbird Bay
0629154,Gasquet
1750062,Monroe Center
3954082,New Baltimore
3672246,Sunset Bay
4284696,White Mills
0469872,Stotonic Village
0134984,Hissop
1875176,Tecumseh
4254520,Nittany
5584150,Waubeka
2229045,Gillis
3623602,Edmeston
4222736,Eighty Four
1240100,Lemon Grove
0658478,Potrero
5057775,Quechee
3550090,Mora
2410950,Bryantown
3514810,Chili
0882905,Watkins
3710460,Caroleen
5473876,Shrewsbury
0612594,Chalfant
2848720,Mooresville
1232675,Hosford
4253728,New Jerusalem
5121312,Dante
0639556,Lake Hughes
5160920,Pastoria
4200980,Allenport
3225000,Fish Springs
1866762,St. Bernice
0658506,Potter Valley
4250208,Mocanaqua
0603792,Bangor
0411580,Central
2814540,Cloverdale
0446840,Miracle Valley
2516635,Deerfield
1825810,Freelandville
0656756,Pescadero
4543135,Lydia
0157384,Our Town
0812470,Cattle Creek
0644042,Los Berros
5368480,Sunday Lake
3968004,Rocky Fork Point
1320550,Crooked Creek
1248055,Navarre Beach
0652715,Oak Glen
3580820,Tyrone
4841092,Lamar
3941860,Lansing
4255728,Noxen
3916784,Collins
4247896,Martins Creek
2223025,Egan
5373255,Union
0463050,Sanders
0637624,June Lake
3632578,Hartwick
3508190,Bluewater Village
4726580,Flintville
5407204,Big Chimney
2768260,Warsaw
2513450,Chester
2408862,Bowmans Addition
0458870,Rancho Mesa Verde
4202040,Allison
2319385,Eagle Lake
0619416,Dobbins
5437444,Hilltop
3532148,Highland Meadows
1841562,Laketon
5351410,Onalaska
0427260,Gila Crossing
0605276,Bend
0614008,Cleone
4841660,La Tina Ranch
3940507,Kinsman Center
3651847,North Creek
5444548,Kopperston
4273720,Star Junction
5526575,Forest Junction
5409100,Boomer
2175270,Symsonia
4265360,Robinson
1265200,Seville
4912200,Central
1853586,New Salisbury
3301220,Amherst
4280896,Wanamie
4274040,Stevens
0421980,Elephant Head
3539030,La Plata
5439676,Idamay
3713100,Cliffside
0601276,Alta
4200244,Ackermanville
3223900,Eureka
4280480,Wakefield
4012550,Cartwright
2079625,Wilroads Gardens
3541420,Livingston Wheeler
1261615,Roeville
0135536,Hollis Crossroads
0105212,Belle Fontaine
2967880,Silver Creek
4936730,Hoytsville
5531375,Greenleaf
3963548,Pleasant Hills
5579675,Three Lakes
4923310,Enterprise
4250748,Montrose Manor
4281664,Waverly
1849806,Milroy
2825740,Foxworth
2172264,South Williamson
4228014,Frizzleburg
5133824,Gwynn
3941349,Lake Buckhorn
0631372,Groveland
2666343,Presque Isle Harbor
4921990,Eden
2832820,Holcomb
4274568,Stouchsburg
3743200,Millingport
5121016,Dahlgren Center
3709780,Camden
4246112,McElhattan
3404660,Belleplain
0479940,Vicksburg
4138900,Kerby
0451465,Orange Grove Mobile Manor
0408990,Cactus Forest
4240948,Lake Arthur Estates
1883222,West Point
4901905,Apple Valley
5173894,Southampton Meadows
5327680,Gorst
5526175,Florence
3553150,Ohkay Owingeh
2102188,Artemus
3461440,Quinton
1544075,Launiupoko
4840475,Lake Colorado City
4256264,Oberlin
2311090,Casco
3621226,Durhamville
5542475,Laona
4757780,Petros
2640800,Interlochen
1802890,Avoca
4271456,Smock
3954684,New Haven
1865736,Rolling Prairie
1951600,Middle Amana
3985344,Williamsdale
0159088,Perdido Beach
3759765,Scotch Meadows
3419330,East Millstone
3554940,Pajarito Mesa
3756600,Riegelwood
4254040,New Salem
3079935,White Haven
3557990,Placitas
2260600,Pitkin
0686380,Woodlands
3448450,Mountain Lake
4254568,Noblestown
3833050,Green Acres
4715120,Clarkrange
0608240,Bridgeport
5583000,Wabeno
3348580,Milton
5138504,Horntown
5400196,Accoville
5051925,North Springfield
2425925,Ellerslie
2113636,Cecilia
0514050,Clarkedale
0683626,Waterloo
4257904,Pardeesville
4264288,Revloc
5005725,Bethel
2659740,Oak Hill
3516585,Cochiti Lake
2174604,Summersville
3079695,Wheatland
5458180,Nettie
1715950,Como
5441010,Jefferson
5436628,Hepzibah
4249960,Millwood
3286200,Zephyr Cove
3614102,Chazy
4266472,Rowes Run
5519600,Delwood
4869708,Spring Gardens
0480825,Walnut Creek
4234308,Hickory Hills
4241104,Lamar
0637022,Jacumba
3310820,Center Ossipee
4866536,Seco Mines
3579700,Truchas
4817648,Cresson
4845576,Macdona
3343300,Loudon
1701647,Apple Canyon Lake
0272230,South Van Horn
0485260,York
5423140,East Dailey
4711440,Castalian Springs
4271232,Slovan
5150104,Mathews
4241700,Lattimer
5335625,Keyport
3210200,Carter Springs
2851240,New Hamilton
5460628,Omar
3708880,Bunnlevel
5572650,Sextonville
5151362,Metompkin
5140216,Ivanhoe
4242704,Lenkerville
3935256,Highland Holiday
5077800,Websterville
5408956,Bolt
4230192,Gouglersville
1754924,Oak Run
4236352,Hunterstown
2428275,Finzel
3643401,Long Lake
4140150,Lacomb
0135512,Hollins
1873340,Stockwell
4208024,Bradenville
4207688,Boston
5374445,Vaughn
5410876,Bruno
3702480,Atlantic
4257968,Park Crest
4281960,Weedville
0628014,Fulton
0461800,Sacaton Flats Village
3074725,Trego
4241968,Lawrence
5001750,Ascutney
4271848,Soudersburg
1869246,Shelby
5521375,Dyckesville
4837116,Ivanhoe North
1718771,Dayton
3726680,Gloucester
3731260,Hiddenite
4238240,Joffre
2674740,South Boardman
5504525,Bancroft
3936232,Hooven
4233184,Hawk Run
4282792,West Decatur
4239056,Kelayres
4866368,Scurry
5452372,Matheny
0518340,Dennard
2073450,Vassar
0614764,Coloma
4724990,Fairgarden
3679543,West Chazy
5518500,Dale
3357220,North Woodstock
5444188,Kistler
4022350,Eagletown
5125968,Esmont
5465596,Prichard
0604198,Bass Lake
5563925,Polonia
2928860,Grayhawk
2208745,Bordelonville
4246800,Mammoth
3308900,Canaan
0611418,Carnelian Bay
0672338,Smith Corner
3457360,Pedricktown
5155448,Nelsonia
2807340,Bogue Chitto
4273704,Starbrick
4859798,Pueblo Nuevo
1832584,Hayden
0648060,Miranda
4210720,Cairnbrook
5147224,Lovingston
3531680,Happy Valley
5171825,Shenandoah Retreat
3612584,Caroga Lake
3681138,West Valley
3069725,South Hills
0651028,New Cuyama
2462675,Pomfret
3920268,Darrtown
5551175,Mercer
3903142,Austinburg
2809380,Buckatunna
3406130,Blairstown
4834478,Holiday Beach
5449732,McConnell
2513310,Cheshire
3607245,Bolton Landing
0854495,North La Junta
5325300,Four Lakes
5528925,Gibbsville
2639340,Horton Bay
2449325,McCoole
2958934,Pomona
3718060,Duck
4230528,Grassflat
0684345,West Goshen
4263416,Ranshaw
4875752,Volente
0611768,Caspar
4230136,Gordonville
4266384,Rote
5172080,Shipman
5529675,Glidden
1384832,Yonah
0463260,San Jose
3073760,The Silos
3730100,Hatteras
5108675,Boston
0422400,El Prado Estates
4154350,O'Brien
0645064,Madison
4847016,Matagorda
4250104,Mingoville
5570815,St. Joseph
4201004,Allensville
3582710,Velarde
3300980,Alton
0801740,Altona
0139088,Joppa
1238519,Lake Mystic
4206000,Bethel
4276432,Tharptown (Uniontown)
4203096,Arnold City
4231592,Grindstone
3962344,Pettisville
0532535,Hiwasse
2657660,New Troy
5539550,Kieler
0167584,St. Stephens
0478300,Upper Santan Village
4218568,Deer Lake
5070450,Stowe
0614484,Coleville
2213855,Center Point
4285968,Witmer
5558375,Northport
2314800,Cousins Island
4218080,Dalmatia
4213408,Chewton
4562305,Russellville
1818784,Dubois
3349600,Mountain Lakes
3024325,Emigrant
5000625,Alburg
4175050,Tumalo
5342380,Malott
0577203,Yarborough Landing
3985442,Williston
5431756,Glen Fork
2150952,Mayking
5411212,Bud
0461448,Round Valley
0455840,Pinedale
5472292,Scarbro
1878380,Van Bibber Lake
5482564,Valley Bend
3941597,Lake Tomahawk
4286672,Wyano
4280808,Walnuttown
2940304,Lake Viking
4271694,Snydertown
4980310,Veyo
4230096,Goodville
5130480,Gasburg
3936176,Homeworth
3753580,Potters Hill
0671078,Seville
1327736,Epworth
2689240,Zeba
5445292,Lashmeet
4873148,Tivoli
4536250,Jacksonboro
4202128,Alsace Manor
4119600,Dillard
0671774,Sierra Brooks
5476084,Springfield
5543985,Lily Lake
0467920,So-Hi
2606120,Bay Port
0680364,Tres Pinos
0462362,St. Johns
4235172,Holiday Pocono
0651470,Nipinnawasee
5342345,Malone
0622328,El Portal
2686960,White Pine
3749600,Ossipee
3505010,Arroyo Hondo
5557008,New Odanah
4701220,Andersonville
0455210,Picacho
0601010,Allensworth
3644226,Machias
1208925,Brownsdale
4213632,Churchtown
5171040,Sedley
2373635,Standish
0630686,Grangeville
4714220,Chesterfield
3419490,East Rocky Hill
4217040,Crenshaw
3582800,Ventura
4075200,Turpin
0603694,Ballard
3119160,Glenwood
3704680,Bell Arthur
3639243,Kennedy
3977812,Tuppers Plains
3729000,Hallsboro
5467228,Raysal
3941500,Lake Seneca
5148445,McMullin
1225550,Gardner
4151950,Nesika Beach
1831180,Hanna
5316170,Curlew Lake
0668434,San Simeon
3730800,Henrietta
1835536,Idaville
5357140,Raft Island
0422080,Elfrida
4211576,Cashtown
3968938,Rudolph
2130880,Gilbertsville
2126452,Fancy Farm
5430724,Ghent
2830220,Hamilton
3974566,Sterling
0428465,Goodyear Village
0671834,Sierra Village
2650755,Manistee Lake
4804176,Arroyo Gardens
4271080,Slatedale
4269816,Shartlesville
4160100,Prospect
2419975,Corriganville
3763340,South Mills
0618450,Delft Colony
5057400,Proctorsville
3937142,Iberia
0638352,Keswick
4252224,Muir
5553200,Minocqua
0686804,Yolo
3981760,Waterford
4734700,Hillsboro
5143224,Lafayette
0407380,Bowie
4219680,Douglassville
0472630,Tees Toh
0409900,Cane Beds
2674380,Snover
4255480,North Vandergrift
2430650,Friendship
4284176,West Waynesburg
0614450,Cold Springs
2761204,Soudan
3721380,Engelhard
3378500,Warner
0163495,Ray
3920030,Damascus
5312735,Clayton
1883600,Wheeler
4217680,Cumbola
2839600,Lauderdale
5587325,Wilmot
1901720,Amana
5436484,Henlawson
3430060,Harmony
1205825,Berrydale
4861040,Redfield
5453692,Middleway
5149336,Mappsville
4230472,Granville
3263800,Ruth
0455630,Pinal
4272416,South Philipsburg
5117632,Clover
4840676,Lake Meredith Estates
5030475,Groton
5160840,Parrott
5541560,Lake Ivanhoe
5553500,Mole Lake
3967104,Ridgeville Corners
4214296,Clinton
0541555,Lost Bridge Village
3945906,McDermott
1857384,Otwell
1802116,Arlington
1936660,Holiday Lake
1742002,Langleyville
2636585,Hardwood Acres
5177925,Templeton
1508950,Haena
0236550,Kachemak
4270640,Sidman
1745525,McClure
3513450,Cedro
1730705,Grand Detour
0608828,Buena Vista
3436300,Juliustown
3665519,Schenevus
0440400,Lazy Y U
2684360,Watersmeet
5456212,Mount Carbon
5315325,Cowiche
1755886,Olivet
2348050,Naples
3680522,Westmoreland
1200075,Acacia Villas
2124922,Emlyn
4210600,Byrnedale
0548680,Natural Steps
2386620,Winter Harbor
0468010,Solomon
4475920,Weekapaug
5021700,East Middlebury
1570700,Ualapu'e
3659619,Pottersville
4264104,Reinerton
1823854,Fontanet
1919990,Denmark
3953718,Neapolis
1801396,Americus
4204488,Baumstown
1839744,Kimmell
3716480,Davis
4726490,Flat Top Mountain
2270675,Siracusaville
1368805,Satilla
3452050,New Village
0645092,Mad River
3575710,Sunshine
2168214,Salvisa
4225168,Falmouth
3722080,Evergreen
1272425,Trilby
0613784,Clarksburg
2114266,Chaplin
3562760,Ribera
0418160,Dateland
3565000,Rowe
0480790,Wall Lane
3552560,North Light Plant
4041400,Lane
3517610,Cordova
4835754,Iglesia Antigua
2149026,Maceo
3769600,Valle Crucis
2641540,Jasper
5442292,Justice
3534900,Jacona
4939040,Jensen
3974846,Stony Ridge
3716730,Deercroft
5413468,Carolina
2610300,Brethren
2813700,Clara
2158062,Oneida
2421800,Darlington
5107976,Bland
3921784,Derby
2013100,Chicopee
4267352,St. Michael
0618086,Davenport
4278472,Union Deposit
4210128,Bulger
0153232,Nances Creek
5414630,Charlton Heights
0603708,Ballico
0641656,Lindcove
1857510,Owensburg
1728950,Georgetown
4974370,Sunnyside
4227672,Fredericktown
4757500,Pelham
3741600,Marshallberg
4206496,Bird-in-Hand
4206976,Blandburg
1814032,Coalmont
4203472,Atlasburg
5055750,Plainfield
3910128,Buffalo
4261968,Pomeroy
5364755,Skamokawa Valley
1870524,Somerset
0414030,Clay Springs
4981190,Wanship
2261473,Point Place
3945892,McCutchenville
2129134,Freeburn
4719500,Darden
2637620,Henderson
3954698,New Haven
4856864,Perrin
4220096,Dryville
1268435,Spring Ridge
4206280,Bigler
5077875,Wells
5467252,Reader
3701560,Aquadale
4777760,Walnut Grove
4239944,Kirkwood
3057475,Piltzville
5360580,Ryderwood
5484916,Waverly
0617078,Cressey
1629710,Garden Valley
3564900,Rosedale
4030915,Grandview
2980380,Windsor Place
2506050,Blandford
3049400,Midvale
5120768,Cumberland
1327512,Empire
3216300,Crescent Valley
0612412,Centerville
3040675,Kila
5011725,Canaan
4116350,Crabtree
3611440,Busti
4286712,Wylandville
0631288,Grimes
4877680,Westminster
2166162,Rockholds
4446000,Misquamicut
3904094,Bascom
1852956,New Goshen
0655604,Paradise Park
3507810,Blanco
3518310,Cotton City
3564440,Rodey
5471476,Salt Rock
0512790,Center Ridge
3955244,New Pittsburg
2209235,Branch
1738895,Kaneville
5535900,Houlton
5433100,Great Cacapon
3383620,West Stewartstown
0628210,Garden Farms
1274700,Wacissa
0817150,Copper Mountain
1825864,Freetown
3004230,Batavia
2238880,Joyce
0617204,Crestmore Heights
5017050,Danville
4250280,Mohrsville
4285088,Wilcox
3577670,Tierra Amarilla
4282952,West Falls
5130384,Gargatha
3304820,Bennington
0678232,Terminous
3934594,Haydenville
4265088,Riverside
5032350,Hartland
4228128,Frystown
0177352,Twin
0642146,Lockwood
2159466,Pathfork
0661124,River Pines
4134650,Holley
5433580,Greenview
4172400,Takilma
3555595,Peak Place
2646800,Leland
5114995,Chase Crossing
3966880,Richmond Dale
3765020,Stokes
4274360,Stonerstown
3550720,Nadine
3267600,Skyland
2054560,Parkerfield
5332125,Hoodsport
3984882,Whites Landing
2024325,Franklin
3911150,Camp Dennison
2908272,Brewer
0442460,Lower Santan Village
5564550,Post Lake
2622900,Dowling
0424950,Fort Thomas
3303620,Bartlett
1259475,Raleigh
5541772,Lake Sherwood
1247300,Munson
4876924,Webberville
4243828,Little Britain
3625571,Felts Mills
0152320,Mount Olive
3239100,Lakeridge
5564950,Poy Sippi
0634428,Honcut
3758340,Ruffin
4137200,Jeffers Gardens
3970464,Sandyville
4752520,New Deal
4810090,Brazos Country
3467650,Silver Lake
3550195,Morningside
4717420,Cottontown
1921320,Diamondhead Lake
1232250,Homeland
3923702,East Liberty
4106650,Black Butte Ranch
3079105,West Kootenai
3977434,Trinway
2434425,Grahamtown
3060450,Rader Creek
5312525,Clallam Bay
4853004,Oak Island
5554625,Mountain
1368880,Sautee Nacoochee
2660180,Oden
3631137,Guilford
4265984,Ronks
5423644,Eccles
2487275,Zihlman
5417836,Corinne
4257376,Oval
3063400,Roberts
5333890,Jamestown
4051900,Nicut
5113192,Carrsville
5177856,Temperanceville
0646926,Meridian
5538600,Juda
2613480,Carp Lake
4246728,Maitland
4271504,Smoketown
0654218,Orick
4808908,Bluetown
3306900,Bradford
4073950,Titanic
0660970,Rio Oso
0545560,Midway
3069900,Spokane Creek
0617428,Crows Landing
0616714,Courtland
4427640,Foster Center
4251320,Mount Aetna
5540450,Krakow
0612146,Cazadero
4919020,Deseret
2462100,Pleasant Grove
3910156,Buford
3986072,Winesburg
3928896,Friendship
3351460,New Hampton
3668088,Smithville Flats
5401660,Amherstdale
1730510,Goofy Ridge
0103724,Bakerhill
3924850,Elizabethtown
2161734,Pleasant View
3470800,Stewartsville
2341575,Lubec
0656868,Philo
3716780,Delco
5112136,Callaghan
2948602,Mine La Motte
2649720,Lupton
5164976,Pungoteague
1225392,Garcon Point
0132584,Hackneyville
5475796,Spelter
3704040,Bayview
4869072,South La Paloma
0607036,Bloomfield
5472004,Sarah Ann
4810087,Brazos Bend
4079150,Wauhillau
5581090,Turtle Lake
3017050,Condon
5174384,Sperryville
3401300,Anderson
5352600,Packwood
1805662,Blanford
4220336,Dunlo
3950456,Millfield
0600156,Acampo
4240680,Kylertown
0602028,Anchor Bay
5500150,Abrams
0678949,Tooleville
3980150,Vincent
5523025,Elcho
5531975,Hager City
4135850,Idaville
0653160,Oak Shores
3058840,Ponderosa Pines
1878290,Vallonia
3923534,East Fultonham
3713500,Coinjock
1979335,Twin Lakes
4828176,Garden City
5334890,Kapowsin
4460260,Quonochontaug
0686678,Yankee Hill
1717094,Crab Orchard
5503175,Ashippun
4203104,Arnot
4116650,Crawfordsville
3967664,Robertsville
0622286,El Nido
4841420,La Paloma Addition
3540570,Lemitar
5311685,Chelan Falls
0418490,Del Muerto
0812945,Chacra
2159592,Payne Gap
2123104,Dwale
3966180,Remington
2636590,Haring
5434180,Gypsy
2600480,Advance
4262784,Prospect Park
3510770,Cañon
2606430,Bear Lake
4207800,Bowers
3955062,New Marshfield
4233840,Hendersonville
4276336,Templeton
2172570,Spottsville
4216136,Coral
3766340,Swan Quarter
3739540,Lowgap
4807144,Bedias
4220664,Eagleville
5541645,Lake Lorraine
3554430,Organ
0662168,Robbins
2267635,St. Maurice
0619654,Dos Palos Y
0482425,White Hills
5542050,Lakewood
2637960,Hickory Corners
5058525,Readsboro
3741220,Marble
4202016,Allenwood
4180400,Westport
4283720,Weston
0605262,Benbow
5123408,Draper
0651574,Nord
3911318,Canal Lewisville
2452525,Midlothian
4282376,West Alexander
0624750,Forbestown
3963758,Plumwood
4264056,Rehrersburg
0616762,Cowan
1579250,Wainiha
3225900,Gabbs
0411370,Cedar Creek
2123000,Dunmor
3126150,Lakeview
4874372,Union Valley
5359845,Rosburg
5476996,Stollings
0471160,Sun Valley
4865049,San Carlos I
4249736,Millerton
0678932,Tonyville
4055285,Old Green
4175600,Umapine
0607694,Boulevard
1251505,Ona
3529160,Gila
2114068,Cerulean
4257192,Orwin
0674144,Stevinson
0606336,Bieber
5370245,Tampico
4817429,Coyote Flats
4937690,Independence
2163426,Pryorsburg
2685300,Wellston
3930352,Glencoe
4280336,Virginville
0632408,Hat Creek
5455132,Monaville
5571585,Sandy Hook
5005125,Benson
1201875,Aripeka
0441470,Littlefield
1712879,Chemung
3704955,Belvoir
2174586,Summer Shade
4223392,Elrama
3075175,Turah
3151280,Walton
0660592,Richfield
5417380,Comfort
3901588,Alvordton
4239504,Kerrtown
2408050,Bloomington
3216700,Crystal Bay
0152680,Movico
3941188,Lafferty
0658758,Princeton
5107400,Big Island
5028000,Glover
3427360,Great Meadows
4041950,Lebanon
3606937,Blodgett Mills
1768809,Seymour
5050500,North Hartland
0844595,Lewis
4707620,Bowman
2305350,Blaine
3351300,Newfields
5470468,Rossmore
0633935,Hiouchi
5177648,Tasley
3552540,North Hurley
4415940,Clayville
0474680,Topawa
3348740,Milton Mills
0945595,Mashantucket
5060025,Rochester
3576760,Tecolote
0633336,Herlong
5170704,Schuyler
4264032,Refton
1767372,Sammons Point
3922848,Dundee
3041087,Knife River
2142112,Kenvir
0680483,Trinity Village
3429940,Harlingen
4255584,Northwood
4816110,Colorado Acres
5113624,Catlett
2600900,Alba
2169258,Sedalia
0674186,Stirling City
1277470,Whitfield
0602910,Artois
4222344,Edenborn
4118450,Deer Island
0477415,Turkey Creek
0178120,Uriah
4906590,Bluebell
5440444,Itmann
0682562,Victor
3515860,Cliff
3964472,Pottery Addition
5507532,Birch Hill
4724640,Eva
3154020,Yankee Hill
5352285,Outlook
4210096,Buffington
2603300,Arcadia
4802290,Amargosa
0145316,Macedonia
5421628,Dixie
5352530,Pacific Beach
2683140,Walloon Lake
1781295,White Heath
2430100,Franklin
0604632,Bear Creek
0614554,College City
3519220,Cubero
3765700,Sunbury
4031000,Grant
4705500,Bethpage
4814880,Chula Vista
1780879,West Union
0867040,St. Ann Highlands
0684004,Weott
4763920,Robbins
3748940,Old Hundred
4237656,James City
5443828,Kimberly
3905676,Bentonville
3512008,Gallina
4150200,Mount Hood
2126182,Fairview
1884338,Williams
4063950,Rose
0685222,Whitley Gardens
3031250,South Glastonbury
2745268,Nett Lake
2126560,Farmers
2043050,Lowell
2601960,Amasa
5414716,Chauncey
0646100,Martell
5165280,Quinby
4809796,Boys Ranch
3705020,Bennett
0180736,Weogufka
1809622,Butlerville
4723440,Elgin
3243400,Lund
2722904,Frontenac
0619794,Downieville
4251240,Moshannon
0647192,Mexican Colony
4782120,Wrigley
0470460,Sunizona
0609150,Burnt Ranch
3953802,Negley
3551490,Navajo Dam
5420764,Deep Water
2927658,Golden
0605346,Benton
3125510,King Lake
0474120,Tolani Lake
3406190,Blawenburg
0417500,Crystal Beach
2179860,Virgie
0621558,Edmundson Acres
0640872,La Vina
5582450,Van Dyne
0148784,Millerville
0829845,Gerrard
4124100,Fair Oaks
5406748,Berwind
2121322,Dexter
0111488,Calvert
4872954,Tierra Verde
1668860,Rockford
2754596,Riverland
1707315,Boody
4272576,Southview
4248072,Mattawana
0624022,Fields Landing
3281245,Walker Lake
2981088,Wortham
0108680,Boykin
5049000,Newport Center
0852210,Mountain Meadows
3401900,Asbury
3566540,San Cristobal
5437036,Hico
0420570,Drysdale
1275425,Waukeenah
4002900,Arpelar
5488276,Wolf Summit
4118150,Days Creek
5015175,Concord
2421675,Danville
5529750,Goodman
0634484,Hood
0412910,Chloride
5512675,Caroline
4480960,Wyoming
3558910,Polvadera
4260224,Pikes Creek
0652246,North San Juan
5300380,Addy
3228900,Goldfield
2181948,Westport
3956756,North Lawrence
0658814,Proberta
5535225,Holcombe
1864206,Richland
5482756,Valley Head
0680476,Trinity Center
4870052,Staples
2660640,Omena
1846422,Manilla
5536400,Humbird
2108722,Boston
5432068,Glen White
0851975,Morgan Heights
5137544,Hiwassee
3656212,Pamelia Center
2641720,Jennings
2420500,Crellin
4202072,Allport
3143160,St. Libory
0886200,Woody Creek
4080850,White Oak
5328450,Grays River
3944128,Little Hocking
5560950,Packwaukee
5679270,Urie
3979590,Vaughnsville
3757580,Rodanthe
1608290,Blanchard
4872992,Tilden
1749100,Millbrook
2406550,Benedict
4280144,Vicksburg
4865050,San Carlos II
0874980,Sugarloaf
0133544,Hatton
2074425,Wakarusa
5443852,Kincaid
4200104,Aaronsburg
3220700,Dyer
4871966,Taylor Landing
0449100,Nelson
5574500,Sobieski
1742067,LaPlace
4777700,Walland
1915870,Conroy
1247175,Mulat
0664392,Samoa
3722280,Fairfield
0481490,Wellton Hills
5504300,Baileys Harbor
3968574,Rosewood
5103608,Augusta Springs
2111188,Burna
4230224,Graceton
3965676,Raymond
4265976,Ronco
5466484,Racine
0474665,Tonto Village
5511250,Burnett
3510610,Canjilon
5106424,Belspring
5176912,Sussex
1278110,Windsor
2760322,Silver Creek
3080975,Wineglass
0435310,Indian Wells
0415850,Cornfields
4281936,Webster
5158184,Oak Hall
5584200,Waukau
2723084,Garden City
4245452,Lumber City
3429520,Hancocks Bridge
5510550,Brule
3725900,Gerton
2940214,Lake Tekakwitha
0631540,Guinda
3927930,Fort Seneca
2651540,Marenisco
1756198,Opdyke
4959280,Peoa
2644760,Lake Leelanau
4226504,Force
1853712,New Trenton
5301780,Amanda Park
5142792,King William
5135160,Hanover
0881305,Vineland
0858675,Peyton
4080900,Whitesboro
5454508,Minden
0139472,Kellyton
3374780,Suissevale
5409964,Brenton
5017650,Dorset
4265848,Rogersville
4268248,Schubert
1366220,Rockingham
5466460,Rachel
4127850,Gardiner
3082130,Yaak
4954330,Newcastle
4239336,Kennerdell
3974622,Stewart
3940978,Kunkle
0678652,Three Rocks
0683108,Volta
0839800,Johnson Village
1713230,Chestnut
2126614,Farmington
3545400,Lyden
3908378,Brecon
5156048,New River
3408020,Broadway
0660662,Richvale
4071900,Sweetwater
1223125,Floridatown
2151060,Maytown
2553085,Petersham
2104978,Beech Grove
5073450,Troy
1850778,Montmorenci
2136460,High Bridge
3949504,Miamiville
3467860,Skillman
2151006,Mays Lick
0438250,Klagetoh
3936512,Howard
0636098,Hyampom
2968762,South Fork
4231536,Grier City
3346980,Melvin Village
2453700,Moscow
4839940,Kurten
5126944,Fairview
4819808,Del Sol
5155800,New Kent
2739394,Mahnomen
4218608,Defiance
5112264,Calverton
4865876,Sarita
0443570,McNeal
5458756,New Richmond
0172408,Spring Garden
5426812,Falls View
4935120,Hideout
5538225,Jim Falls
1869336,Shepardsville
5407228,Big Creek
3566960,Sandia Park
0682786,Vina
2685110,Wedgewood
3503750,Animas
0863705,Redvale
2537735,Madaket
4730220,Graball
4912260,Central Valley
2913474,Cherokee Pass
0623980,Fiddletown
2471460,Shaft
0420560,Dripping Springs
4102200,Annex
2125876,Ezel
2031200,Healy
3930828,Good Hope
5334960,Keller
5452588,Maybeury
0625300,Fort Washington
5102248,Arcola
3927356,Flat Rock
3912056,Carbon Hill
1760391,Plattville
3577100,Tesuque Pueblo
4870688,Study Butte
4871820,Tanquecitos South Acres
4110550,Camp Sherman
4933100,Hanksville
3504870,Arrey
3576830,Tecolotito
3582640,Veguita
5030325,Greensboro Bend
3924024,East Rochester
3500310,Abiquiu
4060750,Proctor
0672408,Snelling
4827972,Gail
0405495,Beaver Valley
1223875,Fort Green Springs
4754640,Oak Grove
2734370,Lake George
4852992,Oakhurst
0875585,Sunshine
0823520,Elbert
3414590,Columbia
3583130,Villanueva
5113635,Cats Bridge
2032300,Hillsdale
2632360,Glen Arbor
3758940,Salvo
0482060,Wet Camp Village
1728612,Garden Prairie
2135398,Hazel Green
3560730,Quemado
5541875,Lake Tomahawk
3657782,Pierrepont Manor
0812460,Catherine
0681792,Valley Home
5040450,Lowell
3673737,Three Mile Bay
5580425,Trego
1247000,Mount Carmel
0447740,Morristown
5301045,Alder
1256955,Pine Level
3079075,West Glacier
0612860,Cherokee Strip
3519645,Cuyamungue Grant
0680560,Trowbridge
5188145,Yogaville
5514450,Chili
0421410,East Globe
3605683,Belleville
4246312,McKnightstown
2817700,Darling
0416360,Cottonwood
0620900,East Nicolaus
4854509,Owl Ranch
4008050,Box
2137234,Hiseville
5404732,Bartley
3634044,Henderson
5461660,Page
4254064,New Schaefferstown
4275728,Sweden Valley
2116354,Coldiron
4877080,Welch
0172672,Spruce Pine
3942966,Lewistown
0640998,Lee Vining
0824290,El Moro
2925516,Frankclay
0671778,Sierra City
4241856,Laurelton
5524475,Eureka
5132624,Greenbush
0607246,Bodega
3909596,Brownsville
0677430,Swall Meadows
4042855,Liberty
5436292,Helen
0151468,Morrison Crossroads
5185608,Whitesville
2824460,Farrell
2611380,Brutus
2624300,Eastport
5151544,Midland
5433436,Green Spring
5409868,Brandywine
0451775,Oxbow Estates
3223700,Empire
2150124,Marrowbone
3036475,Hinsdale
0614406,Coffee Creek
4276232,Taylorstown
3404630,Belle Mead
3104055,Belmar
3017200,Conner
0418448,Deer Creek
1240950,Lloyd
2647240,Levering
4244528,Longfellow
3153575,Woodland Hills
4285712,Wind Ridge
3227900,Glenbrook
3228500,Golconda
3935028,Hessville
1579550,Waiohinu
2649400,Loomis
3413990,Clyde
2049200,Munjor
0804620,Bark Ranch
5151432,Middlebrook
5170352,Sanford
3065950,Sand Coulee
3935826,Hockingport
3475145,Upper Stewartsville
4860480,Ranchitos East
0452230,Palominas
5482852,Van
3522390,Edith Endave
3903786,Bannock
0686734,Yettem
0131000,Graham
5108320,Bobtown
0649432,Moskowite Corner
2229150,Glencoe
0651336,Nicolaus
2238845,Jordan Hill
3912854,Celeryville
5431876,Glen Jean
1700178,Adair
2915886,Conception
3573680,Soham
0114968,Chunchula
5378995,Willapa
3038275,Huson
5128496,Flint Hill
0576690,Woodlawn
4820540,DISH
0420330,Dragoon
3529540,Glen Acres
2607220,Bendon
0876325,Tall Timber
0611782,Cassel
1808812,Buck Creek
2650920,Maple City
5571950,Sayner
5447788,Littleton
5355540,Porter
3508185,Bluewater Acres
4070037,Steely Hollow
1718147,Curran
3027595,Forest Hill Village
5511650,Cable
3043835,Little Browning
5518625,Dalton
3227300,Gerlach
3549950,Monument
5155608,New Church
0610004,Calpine
2561940,Siasconset
3518240,Costilla
2670900,St. James
3362260,Plainfield
5402188,Apple Grove
3377780,Union
3333620,Hancock
5317215,Deep River
0659115,Rackerby
0858758,Phippsburg
0618982,Desert Center
5543025,Lebanon
4166900,Shedd
2617900,Conway
5419324,Crumpler
5170715,Scotland
5431732,Glen Ferris
4830422,Grand Acres
2103412,Bandana
1883204,Westphalia
3941146,Lafayette
4200652,Albrightsville
3407120,Brainards
1369728,Seville
5346090,Mineral
3965298,Radnor
4203792,Baileyville
5403460,Aurora
0159016,Penton
0616644,Coultervillle
0122504,East Point
4208312,Brave
3509630,Buckhorn
0671848,Sierraville
0811975,Capulin
2955694,Oxly
3725020,Frisco
4264296,Rew
5405068,Beards Fork
3907888,Bourneville
3030625,Gibson Flats
0128120,Fredonia
2920656,Eagle Rock
3955314,Newport
3557510,Pinos Altos
4023575,Elm Grove
0120272,Delta
0642230,Lodoga
4905380,Beryl Junction
0463610,San Miguel
5178532,Thynedale
4278120,Tylersburg
3580470,Twin Forks
0645386,Manchester
4211836,Cedar Crest
0663386,Ruth
2721104,Finland
0641782,Litchfield
3433030,Hope
4006900,Blue
3043830,Little Bitterroot Lake
3847540,Logan
2080750,Yoder
0404020,Arlington
3975392,Sulphur Springs
5520125,Diamond Bluff
2036744,Kickapoo Tribal Center
5116736,Churchville
2009050,Bucyrus
0162952,Putnam
1814176,Colburn
0621565,Edna
4130250,Government Camp
1758577,Penfield
5373580,Upper Elochoman
5561750,Pembine
5129840,Free Union
5132560,Greenbackville
0100100,Abanda
0179032,Vinegar Bend
3203700,Austin
1975540,Stone City
4151500,Neahkahnie
5529950,Gotham
4975470,Teasdale
3869300,Ruthville
3614058,Chautauqua
3906740,Bladensburg
3055450,Olney
0484350,Woodruff
3940264,Kimbolton
1729340,Gilson
5585425,Westboro
1606670,Bennington
3957876,Oceola
2738546,Lutsen
1704403,Beason
5025600,Fairlee
5180016,Union Level
0430550,Gu Oidak
0648676,Monson
1841994,Landess
1848563,Metamora
5469844,Roderfield
3503890,Anton Chico
0120152,Deer Park
0146192,Malcolm
5461684,Pageton
0640536,Las Flores
4166385,Seventh Mountain
3586175,Young Place
5559500,Ogema
4960270,Pine Valley
3556950,Pie Town
0125216,Fairford
3517260,Conchas Dam
4221792,East Salem
0818585,Crisman
0600786,Alderpoint
3958156,Old Fort
0455983,Pinion Pines
5513150,Cataract
4221786,East Rutherford
3969596,St Johns
5340570,Lower Elochoman
0683570,Washington
4817236,Country Acres
5561675,Pella
0128408,Fruitdale
1668950,Rockford Bay
3569825,San Pedro
4217440,Crown
5508925,Boulder Junction
5457916,Neibert
2955892,Ozora
5155000,Nathalie
0672086,Sisquoc
0124616,Eunola
5411620,Burlington
0109880,Broomtown
5419300,Crum
0676040,Sunny Slopes
3967804,Rockbridge
5440636,Jacksonburg
0865685,Rollinsville
2149746,Manitou
2124292,Elizaville
1217710,Dixonville
2735558,Lansing
2003675,Baileyville
2730014,Homer
0614454,Cold Springs
3584975,White Signal
4019150,Dale
5532550,Hanover
5367805,Steptoe
2028200,Grantville
4941020,Kenilworth
5501650,Amberg
3001525,Amsterdam
5012175,Cavendish
3939578,Kansas
2964244,St. Francisville
3571510,Seboyeta
5577625,Stone Lake
0673554,Spaulding
1239100,Lamont
5502700,Arkansaw
2428425,Flintstone
0872320,Southern Ute
5004150,Beecher Falls
0672282,Smartsville
5555650,Navarino
0405970,Beyerville
4140950,Langlois
4236712,Idaville
5529900,Gordon
3919615,Crystal Rock
4232384,Hannasville
0482810,Wide Ruins
3423340,Finesville
1621520,De Smet
2963857,Saddlebrooke
5462788,Pentress
2959060,Pontiac
5170528,Savageville
0407915,Bryce
1751310,Mulkeytown
3939564,Kanauga
0606518,Big Creek
5356905,Queets
3003250,Babb
3954628,New Hampshire
0852820,Mulford
4203424,Atkinson Mills
0549070,New Blaine
0801640,Alpine
3643533,Lorraine
3976358,Tedrow
2407285,Bier
2118190,Crayne
0413850,Clacks Canyon
3539520,Las Palomas
5537125,Iron Belt
5522700,Edmund
0648602,Mono City
5518650,Danbury
4262340,Potlicker Flats
0119024,Cullomburg
0451800,Padre Ranchitos
1837674,Jalapa
2061100,Rosalia
2759116,Searles
3234700,Imlay
4101700,Alpine
0879105,Twin Lakes
4252872,Needmore
0421545,East Verde Estates
4708080,Bransford
2831540,Henderson Point
1741214,Lake Ka-Ho
0613910,Clear Creek
1948500,Maharishi Vedic City
0683766,Wawona
0461715,Sacate Village
4239224,Kempton
3071350,Stockett
0459760,Red Rock
2933778,Hunter
5407516,Big Sandy
0600716,Albion
3536880,La Cueva
0172720,Standing Rock
0619976,Drytown
0647472,Milford
0482660,Why
2609560,Boon
4283272,Westland
2905608,Big Spring
3531540,Hanover
1952635,Mineola
1909640,Burr Oak
4279872,Van Voorhis
0657134,Pine Flat
0463820,San Simon
2023890,Fort Dodge
3566120,San Antonio
4974590,Sutherland
5187008,Wintergreen
5523475,Ellison Bay
1929325,Frytown
5147496,Lunenburg
4101800,Alsea
1246725,Morriston
3034110,Happys Inn
5543725,Lewis
5564500,Port Wing
0663400,Rutherford
2148810,McCarr
5075250,Waitsfield
3658739,Plessis
0678715,Timber Cove
5516350,Collins
1324964,Eagle Grove
0622006,Elk Creek
2080500,Wright
5530150,Grand View
5035500,Irasburg
5531075,Greenbush
0682334,Verdi
2676820,Stronach
2076675,Weskan
4835684,Iago
5523900,Emerald
1312484,Calvary
0132248,Gulfcrest
3569270,San Mateo
5124816,Ebony
1976415,Sun Valley Lake
0644672,Mabie
0401560,Ali Chuk
2032875,Home
4204344,Barrville
4974040,Summit
4831640,Guthrie
2941417,Leisure Lake
1376112,The Rock
1268365,Springhill
0620298,Dutch Flat
5502600,Argonne
5340350,Loomis
0615030,Comptche
1973965,South Amana
4072800,Teresita
2128630,Foster
3552680,North San Ysidro
4242328,Leeper
0610676,Camptonville
5575975,Springfield
3545330,Luna
0473480,Theba
5502725,Arkdale
0443920,Maish Vaya
3219150,Double Spring
3005050,Belknap
3149320,Tryon
3274200,Topaz Lake
0413140,Christopher Creek
0850380,Midland
0662496,Rodriguez Camp
2134660,Hardyville
1869894,Sims
1222325,Fidelis
2046925,Milton
4021676,Drowning Creek
5148776,Makemie Park
3246800,Mina
3253000,Orovada
0625506,Franklin
0642622,Long Barn
3752160,Pinetown
2918910,Defiance
2485175,Williston
4475200,Watch Hill
1821124,Emison
1322724,Dewy Rose
0839160,Jackson Lake
3538470,La Madera
5353265,Parker
5520875,Drummond
5527412,Franks Field
2764750,Thomson
3948972,Melmore
1868328,Scipio
3137735,Overland
3663330,Rodman
2413225,Carlos
0170632,Sims Chapel
0408020,Buckshot
0842165,La Junta Gardens
0655528,Paradise
0648592,Monmouth
0402270,Anegam
5330690,Herron Island
4075300,Tuskahoma
4228488,Gardners
0181744,Whatley
1350176,Matthews
1351744,Mineral Bluff
3417200,Delaware
4011900,Cardin
2071350,Treece
1812880,Clarksburg
4200764,Alfarata
3539450,Las Nutrias
4167600,Silver Lake
0675154,Stonyford
5173376,Snowville
1317580,Coleman
4037410,IXL
2765927,Twin Lakes
3553010,Oasis
5152408,Modest Town
5350195,Northwest Stanwood
1665620,Princeton
2148072,Lovelaceville
1819576,East Enterprise
1936975,Homestead
1269025,Sumatra
0482270,Whispering Pines
5562975,Pine River
4274864,Strong
0681778,Valley Ford
3546380,Malaga
4111700,Cascadia
5580300,Townsend
3863700,Porcupine
0650146,Myers Flat
0561730,Rye
1217450,Dickerson City
5304347,Barney's Junction
3409100,Buttzville
5520725,Downsville
5373885,Valley
4920780,Dutch John
3835500,Harmon
0401920,Alpine
4927270,Fremont
5354405,Pine Grove
5578425,Summit Lake
0655048,Pajaro Dunes
4821412,Driftwood
3728600,Gulf
0834685,Hasty
1309852,Boykin
0638604,Kingvale
4000950,Albany
0424250,Fort Apache
5433124,Green Bank
3529790,Glenwood
5429740,Galloway
1679300,Sweetwater
0614148,Clipper Mills
2659320,Norwood
5418388,Covel
5136216,Heathsville
3561675,Rancho Grande
0911990,Cannondale
4212512,Chalkhill
3560170,Puerto de Luna
2158116,Onton
3448840,Mount Hermon
1862712,Raglesville
5533150,Hatfield
0436780,Kaka
3507145,Bibo
3922260,Dola
4004950,Bee
0656854,Phillipsville
2641040,Ironton
5349030,Nile
3928882,Fresno
3009250,Brady
4844038,Los Altos
2480075,Vale Summit
3940124,Kilbourne
4280384,Vowinckel
0883175,Weldona
0455845,Pine Lake
0611754,Casmalia
0632156,Hardwick
4049825,Mulberry
3567520,San Fidel
2132032,Gracey
3528670,Garfield
3568500,San Jose
3546770,Manzano Springs
4217320,Cross Creek
5545225,Little Sturgeon
4239960,Kiskimere
0484000,Wintersburg
4037350,Isabella
0637274,Jenner
0437935,Kino Springs
0465167,Seba Dalkai
1983505,West Amana
0465400,Sehili
3974734,Stockdale
0860765,Portland
0416830,Cowlic
3433690,Hutchinson
0450620,Oatman
0849490,Maysville
3583830,Watrous
3771440,Waves
1868382,Scotland
5565725,Pulcifer
0475590,Truxton
0657036,Pike
5531475,Green Valley
5110856,Buckingham Courthouse
2978226,Weingarten
1967890,Rochester
2606260,Bay View
5114904,Charles City
0482880,Wikieup
0648916,Monterey Park Tract
5019600,East Burke
1240525,Limestone
5121872,Deerfield
3964906,Pulaski
3205275,Bennett Springs
2650970,Maple Grove
0401570,Ali Chukson
0871790,Snyder
4724960,Fairfield
5135240,Harborton
5561800,Pence
5174160,Southside Chesconessex
1922710,Duncan
4854666,Paisano Park
2904525,Bennett Springs
0863650,Redstone
0544810,Maysville
4247264,Mapletown
3070375,Springhill
3048625,Maxville
3135770,Odessa
2155794,New Hope
0529320,Hagarville
3731880,Hobucken
3571790,Sena
2417000,Choptank
2925948,Fremont
4126400,Fort Hill
4116450,Crane
2076425,Welda
5002800,Barnet
3460450,Port Murray
1780957,West York
0105140,Belgreen
4854186,Orason
1862730,Ragsdale
4280432,Wagner
2918496,Dawn
0478680,Vaiva Vo
1780255,Westervelt
5104856,Baskerville
3518660,Coyote
0807580,Bonanza Mountain Estates
0410320,Carrizo
0549220,New Edinburg
4844072,Los Arcos
0820605,Divide
2432175,Gilmore
5530100,Grand Marsh
2928864,Grayridge
0402410,Antares
1932925,Green Mountain
3541970,Loco Hills
0671000,Sereno del Mar
5504150,Babcock
0135130,Hobson
0478400,Utting
0485470,Yucca
5144952,Lee Mont
3543510,Los Ojos
2601060,Alden
3559860,Pueblo
5552025,Millston
0604730,Bear Valley
0622360,El Rancho
3532380,Hillsboro
5183088,Warm Springs
2113600,Cayce
2931186,Hayward
3310900,Center Sandwich
0853875,No Name
0479870,Vernon
3550515,Mountain View
4843460,Loma Linda
0641026,Leggett
1350820,Mendes
3460210,Port Colden
3976890,Tippecanoe
5520275,Dodge
0869110,Seven Hills
3979982,Vickery
4152400,New Pine Creek
2939008,Kirbyville
0871625,Smeltertown
5540125,Knowlton
3013975,Charlos Heights
4180750,West Scio
3560205,Pulpotio Bareas
5105200,Bayside
3234100,Humboldt River Ranch
1315844,Cherry Log
3232900,Hiko
3506760,Bent
3525135,Escudilla Bonita
2340470,Littlejohn Island
3511310,Cañones
3541620,Llano del Medio
1982515,Watkins
3058900,Pony
5316165,Curlew
1905870,Bentley
2762356,Stanchfield
2444525,Klondike
3511520,Canova
0641866,Little River
2152464,Millstone
5101256,Allisonia
1809352,Burns City
5581150,Tustin
2005975,Bendena
4013800,Chester
3123725,Inavale
4010460,Butler
3105980,Bow Valley
0566800,Staves
2455950,Nikep
1216500,Day
2628060,Filer City
5427196,Fenwick
5465668,Prince
5183056,Warfield
4059100,Piney
5414212,Century
1936030,High Amana
5121776,Deep Creek
0683094,Volcano
5351830,Orient
3126315,La Platte
1818550,Dover Hill
3023500,Edgar
2017875,Detroit
0480430,Wahak Hotrontk
5419948,Dailey
3238100,Kingston
2442450,Jennings
2486275,Woodland
0642384,Loma Mar
5514175,Chelsea
3066250,Santa Rita
2977794,Wasola
2166846,Rosine
3102480,Aten
5086050,Worcester
1833178,Herbst
0656042,Paskenta
3510050,Caballo
4253576,New Freeport
0839250,Jansen
5549175,Marengo
5504925,Barronett
0836940,Hoehne
0468670,South Komelik
5404780,Bartow
3726520,Glenville
3533640,Hot Springs Landing
1340196,Howard
3255400,Paradise Valley
3017800,Corwin Springs
5336920,La Grande
5030100,Greensboro
4132400,Harper
2618100,Copper Harbor
3655937,Oxbow
0683724,Waukena
3064675,Roy
0415600,Copper Hill
1876022,Toad Hop
3524960,Ensenada
2467500,Rock Point
3545190,Luis Lopez
2056000,Piqua
5407756,Birch River
3514670,Chical
3267000,Silver Peak
4843458,Loma Grande
4270664,Siglerville
2434150,Gorman
5581025,Tunnel City
2930844,Harviell
3558420,Pleasanton
5486932,Whitmer
3407660,Bridgeville
3239300,Lamoille
3770580,Wakulla
3573925,South Acomita Village
5587000,Whittlesey
2011025,Catharine
5533975,Herbster
0827095,Florissant
4236064,Hublersburg
5313015,Cliffdell
2061550,Roxbury
5160392,Palmyra
3888020,Ypsilanti
1818658,Dresser
0436920,Katherine
3108745,Champion
4251552,Mount Eagle
3073165,Sylvanite
0680882,Tuttle
2421925,Dawson
2979000,West Sullivan
3018100,Crane
3501640,Alamillo
3436150,Johnsonburg
1223850,Fort Green
3564370,Rodeo
0624568,Flournoy
3306020,Blodgett Landing
3514200,Chamizal
2052175,Odin
2036735,Kickapoo Site 1
4508110,Boykin
2000225,Ada
1202575,Aucilla
1548350,Makena
2069925,Talmage
1908020,Bradford
3044500,Logan
3067075,Sedan
2769880,Whipholt
2949610,Montier
0868985,Segundo
2960644,Ravanna
5517150,Cornucopia
2148234,Lowes
5480476,Tioga
0833420,Guffey
0284120,Whitestone
1655720,Murphy
0610494,Camp Nelson
3568920,San Lorenzo
0459900,Rillito
2656960,Nessen City
5016075,Coventry
1914385,Climbing Hill
0430850,Haivana Nakya
3068050,Silesia
3552190,Nogal
3551140,Nara Visa
5556250,Newald
4257160,Orviston
5406052,Belva
4237545,Jacksonville
3504450,Aragon
0431182,Hard Rock
0617232,Creston
3566400,San Antonito
5419492,Cucumber
5612860,Carpenter
5406436,Bergoo
0153208,Nanafalia
4157300,Peoria
4025850,Felt
4803008,Amaya
1716431,Cornland
2618880,Cross Village
2614020,Cedar
0606567,Big Lagoon
0425650,Franklin
5501950,Angelica
3130905,Martin
2921340,Edinburg
1984495,Weston
5318265,Donald
5579900,Tilleda
1860894,Point Isabel
3428920,Hainesburg
3277200,Ursine
4801816,Alfred
1360312,Perkins
1956190,New Haven
3559750,Pueblito
3409170,Byram Center
1810036,Canaan
4008725,Bridge Creek
4108600,Brogan
5481484,Twilight
5571850,Saxon
2902260,Ashley
0855925,Orchard
5428948,Frank
2958088,Plato
0659906,Redcrest
0159232,Peterman
0447190,Moccasin
1929730,Garden City
3625934,Fishers Landing
4044350,Lucien
2177124,Tolu
2957512,Pierpont
4844078,Los Centenarios
1962175,Percival
3959724,Pancoastburg
2022900,Falun
5543575,Leopolis
3030550,Geyser
1912675,Chapin
3963072,Plainville
2441175,Hutton
0664252,Salmon Creek
2458775,Oldtown
3151350,Wann
0675322,Strawberry
1817812,Deputy
3022450,Dupuyer
5142536,King and Queen Court House
5352378,Oyehut
1909910,California Junction
5331540,Hogans Corner
4158050,Pistol River
3248400,Montello
0425735,Freedom Acres
5157870,Nottoway Court House
0126152,Fitzpatrick
4222600,Edie
4071950,Swink
0471642,Sweet Water Village
5683100,Whiting
4925910,Flaming Gorge
3078775,Weeksville
4170870,Summit
3126595,Lemoyne
3443980,Marksboro
3820500,Driscoll
0558400,Reader
5483764,Vivian
3537700,La Joya
3101920,Archer
0672492,Soda Springs
1823728,Florence
5021850,East Montpelier
0630339,Gold Mountain
2956882,Pendleton
3048250,Marysville
4080912,White Water
3809830,Brooktree Park
1557650,Olowalu
0662200,Robinson Mill
3400640,Allamuchy
3219800,Dry Valley
1849212,Mier
5170520,Savage Town
5317880,Disautel
0412560,Chiawuli Tak
3258000,Preston
2964154,St. Clement
3548425,Middle Frisco
5153031,Moorefield Station
0461690,Rye
4003815,Badger Lee
0436010,Jakes Corner
2623600,Eagle Harbor
4825397,Falman
0835400,Heeney
3821580,East Fairview
3017350,Cooke City
3150265,Venice
3547150,Mayhill
4105700,Bellfountain
0634708,Hornitos
1675160,Smiths Ferry
3555605,Pecan Park
4955760,Oasis
3827980,Foxholm
1314472,Cedar Springs
0409580,Campo Bonito
3850220,Manning
3558210,Playas
0417810,Cutter
2769690,West Roy Lake
2417475,Clarysville
3147745,Sunol
3545260,Lumberton
0624526,Floriston
5439412,Huntersville
2404525,Barrelville
5529500,Glen Haven
5606480,Beulah
3985085,Wightmans Grove
3519010,Cruzville
4822593,Edgewater Estates
0513420,Cherokee City
0849325,Maybell
3581450,Ute Park
2044600,Marienthal
0653196,Oakville
0401620,Ali Molina
2422825,Detmold
2623740,Eagle River
1312960,Canoochee
4050975,Nescatunga
3035435,Hebgen Lake Estates
0443150,McConnico
0481175,Washington Park
5520167,Diaperville
3852180,Menoken
4536070,Islandton
1839510,Kent
4252632,Naomi
5588675,Woodford
0612818,Cherokee
2935486,Irwin
1344060,Knoxville
3029885,Gallatin River Ranch
2665420,Ponshewaing
3082675,Zortman
0830350,Glendale
2973006,Thomasville
0630420,Goodyears Bar
0629070,Garey
5584300,Waumandee
3204100,Baker
1718641,Darmstadt
5345355,Methow
3919848,Cynthiana
0430830,Hackberry
1213125,Cobbtown
3504030,Apache Creek
4841579,Las Palmas
4844120,Los Fresnos
0874275,Stonewall Gap
5463484,Pickens
3512010,Capulin
2036739,Kickapoo Site 5
2036741,Kickapoo Site 7
4006350,Bison
4139350,Kings Valley
0603026,Aspen Springs
5579600,Thornton
0112112,Carlton
1660890,Parkline
1902035,Anderson
2717882,Ebro
3537910,Lake Valley
3080200,Whitewater
3048175,Martinsdale
2612290,Caberfae
0450480,Oak Springs
3583970,Weed
0649544,Mountain Center
3142285,Roscoe
4178160,Wallowa Lake
4275968,Table Rock
3124055,Inland
4844146,Los Nopalitos
0147848,Megargel
2039700,Levant
1970005,St. Joseph
3585720,Winston
3075250,Turner
1952140,Miller
1945705,Little Cedar
0426780,Geronimo Estates
5149320,Mappsburg
0474540,Tonopah
2701558,Angle Inlet
5304370,Barstow
1355944,Norristown
2037200,Kipp
0624218,Fish Camp
3569060,San Luis
0880370,Valmont
0878345,Trail Side
5373065,Twin Lakes
5436340,Helvetia
1967530,River Sioux
3125335,Keystone
3824020,Embden
0801915,Amherst
4106950,Blodgett
3011800,Camas
3073075,Sweet Grass
0600982,Alleghany
3148340,Tamora
2476450,Swanton
0816715,Conejos
3129120,Lorenzo
4872248,Terlingua
0864870,Rock Creek Park
3565560,Sacramento
0617727,Cuyama
0656196,Paynes Creek
4138150,Juntura
4158550,Plush
3039175,Jardine
0649810,Mount Laguna
3131150,Max
0866995,Saddle Ridge
2455000,National
3500240,Abeytas
1923520,East Amana
4921880,Echo
3586210,Youngsville
0884000,Weston
1701556,Annapolis
4908787,Bryce Canyon City
2474350,Spring Gap
3117040,Fontanelle
2619195,Crystal Mountain
3258820,Rachel
3519920,Datil
3503970,Anzac Village
5357030,Qui-nai-elt Village
4803096,Amistad
3906208,Beulah Beach
2030250,Harris
1726467,Floraville
3537860,Lake Roberts
0657011,Pierpoint
1940710,Kent
2482625,West Denton
5538625,Jump River
4050250,Nardin
0412150,Charco
5413684,Cass
3554500,Orogrande
0653602,Old Station
3122780,Holmesville
2721190,Fish Lake
4006500,Blackgum
0652610,Nubieber
0460770,Rock House
4871824,Tanquecitos South Acres II
5545600,Long Lake
1904735,Bartlett
5520975,Dunbar
0679030,Topaz
2923050,Excello
0670336,Sattley
3531190,Hachita
0479590,Ventana
4029300,Gideon
2913582,Chesapeake
0830890,Goldfield
5371995,Torboy
1968800,Roseville
1524850,Kalaeloa
2704348,Beaulieu
4840100,La Coma
4036945,Indianola
3803740,Auburn
1978465,Toeterville
3545690,McCartys Village
0434700,Hunter Creek
0880095,Valdez
2619135,Crystal Downs Country Club
5637510,Hillsdale
3525100,Escondida
0404930,Aztec
0611376,Carmet
3533130,Homestead
3218500,Denio
0857850,Parshall
3871700,Selz
0438940,Ko Vaya
4872758,Thompsonville
0438600,Kohls Ranch
4019665,Deer Lick
4172820,Tetherow
2980440,Winigan
3205125,Beaverdam
4066540,Shady Grove
2927100,Ginger Blue
0634405,Homewood Canyon
3508860,Brazos
3565910,San Acacia
3141340,Richfield
0636168,Idlewild
0165784,Rockville
3018025,Craig
1617830,Conkling Park
1935490,Hayfield
3585485,Windmill
1757160,Paderborn
3070150,Springdale
1648250,Lowman
3129155,Loretto
3115885,Enders
0423955,Flowing Springs
3067225,Shawmut
3526010,Fence Lake
2447275,Little Orleans
5361235,Santiago
3005650,Biddle
0655506,Panorama Heights
5330030,Hat Island
0644830,McGee Creek
0429850,Greer
0176200,Tibbie
1909415,Burchinal
3824380,Englevale
0470175,Summerhaven
0867500,San Acacio
0609318,Butte Meadows
5301745,Altoona
0119216,Cusseta
3152330,Westerville
3516490,Cobre
4976180,Thompson Springs
3811500,Caledonia
1969825,St. Benedict
4226328,Flora Dale
0478820,Valentine
1938955,Irvington
0445275,Mead Ranch
2971628,Sundown
0625590,Freeport
0415150,Concho
0609822,California Hot Springs
3550020,Moquino
0449710,Nolic
3250600,Nelson
0421900,El Capitan
4809310,Bonanza Hills
3530000,Golden
3071800,Sula
0463960,Santa Cruz
3483290,Zarephath
3278200,Valmy
1971715,Sexton
5514850,Clam Lake
4860380,Ramireno
4844079,Los Corralitos
1946785,Loveland
1964155,Portland
3008800,Boyd
2973127,Three Creeks
3521810,Duran
2036736,Kickapoo Site 2
4809656,Box Canyon
5307485,Boyds
5316585,Danville
4160070,Pronghorn
1953085,Mona
1763355,Rentchler
2918190,Danville
3525870,Faywood
1907255,Bolan
3249425,Mount Wilson
3706510,Blue Clay Farms
1688660,Yellow Pine
3537862,Lake Roberts Heights
3536090,Kingston
2458215,Ocean
3855500,Nash
0110456,Bucks
0608716,Buck Meadows
1951510,Meyer
0835860,Hidden Lake
3673726,Thousand Island Park
3038480,Indian Springs
3544595,Lower Frisco
3011500,Bynum
3515560,City of the Sun
3143650,Sarben
3009500,Bridger
0400940,Ak Chin
0815825,Colona
4834105,Hillside Acres
3818820,De Lamere
1939180,Jacksonville
0632324,Hartland
3252200,Oasis
3001300,Alzada
0844695,Leyner
1549425,Manele
0223720,Eureka Roadhouse
2751028,Pine Bend
2002600,Asherville
0461300,Roosevelt
0858960,Piedra
5342310,Malo
0638076,Kennedy Meadows
3563660,Rivers
1937875,Hutchins
5363245,Sekiu
0438530,Kohatk
3837020,Heimdal
1960285,Otranto
3849540,McLeod
2742010,Midway
3807620,Blanchard
3242350,Logan Creek
3153205,Willow Island
3071575,Stryker
1916320,Corley
0450340,Nutrioso
0401170,Alamo Lake
0442940,Lupton
2761308,South End
3557440,Pinon
3840740,Jessie
3101220,Ames
0807420,Blue Sky
2957332,Phelps City
4844167,Los Veteranos I
0847345,McCoy
3555550,Pastura
1952410,Millville
3138365,Parks
4871289,Sunset Acres
0878335,Towner
3859820,Orrin
5629390,Fox Park
3140535,Raeville
0112544,Catherine
2906247,Blanchard
0808290,Brandon
2958574,Plevna
4801420,Aguilares
3805220,Barton
3068425,Silver Gate
4844145,Los Minerales
3819060,Denhoff
4847676,Mentone
0430840,Haigler Creek
3139835,Poole
0675592,Sugarloaf Saw Mill
3817620,Dahlen
1903430,Athelstan
3874660,Spiritwood
0680515,Trona
4827124,Four Points
0405450,Bear Flat
4844123,Los Huisaches
3845220,Larson
1604600,Banks
4039400,Kenton
5335450,Ketron Island
3877260,Sutton
1375580,Tate City
2930772,Hartwell
3579680,Trout Valley
0658134,Ponderosa
2036740,Kickapoo Site 6
3106680,Brownlee
0471220,Sunwest
0829295,Garfield
3836980,Heil
0885760,Wolcott
3064300,Roscoe
0812450,Cathedral
0417460,Crozier
0475310,Toyei
3464860,Ross Corner
3128140,Lindy
4220634,Eagle Lake
3865100,Raleigh
2756212,Roy Lake
0847015,Lynn
0630714,Graniteville
2905320,Biehle
2664100,Pilgrim
3152855,White Clay
3023865,Elkhorn
0675596,Sugarloaf Village
0670966,Sequoia Crest
0644770,McClenney Tract
0474750,Topock
0658422,Posey
0472280,Tat Momoli
2956620,Peaceful Village
0658436,Poso Park
2764547,The Ranch
4844142,Los Lobos
5409364,Bowden
0415080,Comobabi
2933868,Huntsdale
4841565,Las Haciendas
3551840,Newkirk
3584950,Whites City
0853945,Norrie
2764426,Tenney
1234175,Islandia
0251960,Nabesna
0685866,Wilsonia
4913740,Clear Creek
0245020,Loring
0261825,Point Possession
1208450,Brewster
0828830,Fulford
0683494,Warner Valley
0428985,Grand Canyon West
0483475,Willow Canyon
5338705,Laurier
4906920,Bonanza
0543430,Magnet Cove
0612314,Cedar Slope
2927900,Goodnight
4859794,Pueblo East
0671932,Silver City
3716820,Dellview
01007010004,100.04
36053940401,9404.01
36053940600,9406.0
36065940100,9401.0
51515050100,501.0
24009861004,8610.04
19041080300,803.0
19167070700,707.0
24009861003,8610.03
19167070300,703.0
08014030800,308.0
19167070600,706.0
19041080200,802.0
01007010003,100.03
36065940200,9402.0
36053940300,9403.0
36053940102,9401.02
48493000300,3.0
36053940403,9404.03
19059450500,4505.0
26013000100,1.0
26013000200,2.0
48493000403,4.03
19175190200,1902.0
19029190400,1904.0
19061001205,12.05
19167070400,704.0
04019470400,4704.0
08014030400,304.0
19059451100,4511.0
19167070200,702.0
19167070100,701.0
19175190400,1904.0
08014030000,300.0
27101900200,9002.0
19061010202,102.02
19061010104,101.04
36053940200,9402.0
08014030300,303.0
19063070300,703.0
27101900300,9003.0
48493000500,5.0
19063070400,704.0
48493000600,6.0
19029190500,1905.0
19061010201,102.01
36053940103,9401.03
19059450800,4508.0
48493000104,1.04
36065940000,9400.0
04019470500,4705.0
36053940700,9407.0
19195690300,6903.0
19029190100,1901.0
19167070500,705.0
48493000102,1.02
36053940101,9401.01
19059451000,4510.0
01007010001,100.01
19029190200,1902.0
48493000404,4.04
19195690100,6901.0
06037930401,9304.01
19195690200,6902.0
19041080100,801.0
08014030100,301.0
19175190100,1901.0
04019410503,4105.03
04019002701,27.01
48493000402,4.02
48493000103,1.03
27101900100,9001.0
48493000201,2.01
19059450200,4502.0
19063070200,702.0
19175190300,1903.0
19063070100,701.0
19061001204,12.04
19029190300,1903.0
04019002903,29.03
48493000202,2.02
04019410501,4105.01
04019410502,4105.02
02230000100,1.0
08014030500,305.0
02198000200,2.0
36085008900,89.0
26013990100,9901.0
02198000300,3.0
02275000300,3.0
360539404012,9404.01.2
360659401004,9401.4
010070100044,100.04.4
080140306004,306.4
060379304011,9304.01.1
010070100021,100.02.1
240098610033,8610.03.3
191670706001,706.1
484930006002,6.2
191670707002,707.2
190610101042,101.04.2
240098610042,8610.04.2
360659402001,9402.1
360539401022,9401.02.2
060378002043,8002.04.3
484930003003,3.3
080140308003,308.3
360539404032,9404.03.2
260130002003,2.3
360659400002,9400.2
360539406001,9406.1
040194705002,4705.2
240098610043,8610.04.3
010070100033,100.03.3
190610102011,102.01.1
360539407001,9407.1
240098610041,8610.04.1
484930005003,5.3
190610012051,12.05.1
190594505002,4505.2
360659402003,9402.3
360539406004,9406.4
080140300001,300.1
484930004033,4.03.3
080140303001,303.1
080140309004,309.4
240098610032,8610.03.2
080140300002,300.2
080140303002,303.2
360659401002,9401.2
240098610031,8610.03.1
040190029031,29.03.1
515150501004,501.4
010070100011,100.01.1
190410803003,803.3
271019002002,9002.2
080140308004,308.4
360539404033,9404.03.3
190610009001,9.1
484930001021,1.02.1
010070100034,100.03.4
360539404011,9404.01.1
191670704001,704.1
260130002001,2.1
190019601001,9601.1
360539406002,9406.2
040194105032,4105.03.2
360539403001,9403.1
190610102023,102.02.3
360539406003,9406.3
260130001002,1.2
484930003001,3.1
360539401012,9401.01.2
360539402003,9402.3
190610101053,101.05.3
484930001041,1.04.1
191670703001,703.1
190594508002,4508.2
190410802004,802.4
190291905003,1905.3
360539403002,9403.2
360539401031,9401.03.1
190610102022,102.02.2
271019003002,9003.2
040194105011,4105.01.1
080140304003,304.3
190610012013,12.01.3
191670704002,704.2
191670707001,707.1
190291904003,1904.3
190594510001,4510.1
190610008014,8.01.4
360539403004,9403.4
190019602002,9602.2
190410803001,803.1
515150501005,501.5
080140301001,301.1
040190027011,27.01.1
190610102012,102.01.2
191670703002,703.2
191670702001,702.1
271019001001,9001.1
360539404013,9404.01.3
190594511004,4511.4
191670702003,702.3
190039502002,9502.2
010070100042,100.04.2
190610005004,5.4
190630703001,703.1
360659401001,9401.1
190630703003,703.3
191751903002,1903.2
484930004041,4.04.1
010070100023,100.02.3
040194704002,4704.2
190610103001,103.1
080140304002,304.2
190594510002,4510.2
360539401011,9401.01.1
360539407002,9407.2
190630702002,702.2
484930001042,1.04.2
190291905002,1905.2
484930001031,1.03.1
515150501001,501.1
515150501002,501.2
484930004042,4.04.2
040194704001,4704.1
484930002011,2.01.1
190610001003,1.3
190410803004,803.4
484930003002,3.2
271019002001,9002.1
190610101041,101.04.1
040194705001,4705.1
191670707004,707.4
360659402002,9402.2
191670705003,705.3
080140304001,304.1
190610012052,12.05.2
260130001003,1.3
191670706004,706.4
271019003003,9003.3
191670706002,706.2
484930004022,4.02.2
360539402002,9402.2
191670703005,703.5
190410802001,802.1
190594505001,4505.1
191670704003,704.3
190610012042,12.04.2
360659400001,9400.1
010070100045,100.04.5
484930001022,1.02.2
191670701003,701.3
484930004021,4.02.1
190594502001,4502.1
191670707003,707.3
190610012053,12.05.3
191751902004,1902.4
191670702002,702.2
190630704002,704.2
260130001004,1.4
190291904002,1904.2
360539404015,9404.01.5
190630701001,701.1
190594502002,4502.2
190410803002,803.2
191956902002,6902.2
010070100043,100.04.3
010070100046,100.04.6
190630701002,701.2
191670703004,703.4
190594511002,4511.2
360539401032,9401.03.2
080140301002,301.2
360539401024,9401.02.4
360539404031,9404.03.1
021050003002,3.2
191670701002,701.2
191670706003,706.3
360539401021,9401.02.1
510050701002,701.2
191751901003,1901.3
484930001032,1.03.2
040194105021,4105.02.1
484930004034,4.03.4
080140308001,308.1
010070100032,100.03.2
010070100012,100.01.2
190291901003,1901.3
040190027012,27.01.2
484930002012,2.01.2
190291903001,1903.1
190291901002,1901.2
360539403003,9403.3
080140308002,308.2
190410804003,804.3
190594508003,4508.3
190610101051,101.05.1
271019003001,9003.1
360539402001,9402.1
190594508001,4508.1
191751902001,1902.1
190291901001,1901.1
190291902003,1902.3
191670705001,705.1
510050701003,701.3
190291904001,1904.1
191956901001,6901.1
190410803005,803.5
191956903002,6903.2
271019001002,9001.2
190630703002,703.2
191670701001,701.1
190610101052,101.05.2
191751904003,1904.3
022300001001,1.1
040194105031,4105.03.1
190630702001,702.1
515150501003,501.3
190291902001,1902.1
190594505004,4505.4
190291904004,1904.4
360539401033,9401.03.3
190291903002,1903.2
190410801001,801.1
191956903003,6903.3
190630704001,704.1
190410804002,804.2
484930005001,5.1
191751902002,1902.2
191956901002,6901.2
360539401023,9401.02.3
190291902002,1902.2
484930002022,2.02.2
360659401003,9401.3
260130002002,2.2
010070100031,100.03.1
190410804004,804.4
191751903001,1903.1
191956901003,6901.3
010070100041,100.04.1
191670705002,705.2
191956902003,6902.3
191670703003,703.3
191751904004,1904.4
190410801003,801.3
190410802006,802.6
021050003003,3.3
190610012041,12.04.1
190410802003,802.3
190594511001,4511.1
191751902005,1902.5
190410801002,801.2
191670701004,701.4
484930002021,2.02.1
190594505003,4505.3
190410802002,802.2
260130001001,1.1
191751904001,1904.1
190630704003,704.3
190630704004,704.4
040194704003,4704.3
484930005002,5.2
190410802005,802.5
484930004032,4.03.2
271019002003,9002.3
484930004031,4.03.1
040194704004,4704.4
191751901001,1901.1
191751901002,1901.2
191751904002,1904.2
191956903001,6903.1
190594511003,4511.3
190291905001,1905.1
191956903004,6903.4
190610102021,102.02.1
191751904005,1904.5
191751902003,1902.3
080140307002,307.2
360539404014,9404.01.4
191956902001,6902.1
484930001043,1.04.3
250039353004,9353.4
484930006003,6.3
484930006001,6.1
080140305001,305.1
080140305004,305.4
080140305003,305.3
484930004043,4.04.3
080140310002,310.2
080140305002,305.2
080140310001,310.1
022750003004,3.4
022750003003,3.3
022750003002,3.2
021950002002,2.2
022750003001,3.1
021989401002,9401.2
021980003001,3.1
021980002003,2.3
021980002002,2.2
021980002001,2.1
021980001002,1.2
021980001001,1.1
360850089000,89.0
260139901000,9901.0
021950002003,2.3
021950002001,2.1
021989401001,9401.1
